-- phpMyAdmin SQL Dump
-- version 4.4.10
-- http://www.phpmyadmin.net
--
-- Host: localhost:3306
-- Generation Time: Sep 14, 2016 at 06:54 PM
-- Server version: 5.5.42
-- PHP Version: 7.0.0

SET SQL_MODE = "NO_AUTO_VALUE_ON_ZERO";
SET time_zone = "+00:00";

--
-- Database: `iscritti_corsi_gestionale`
--
CREATE DATABASE IF NOT EXISTS `iscritti_corsi_gestionale` DEFAULT CHARACTER SET utf8 COLLATE utf8_general_ci;
USE `iscritti_corsi_gestionale`;

-- --------------------------------------------------------

--
-- Table structure for table `corso`
--

CREATE TABLE `corso` (
  `codins` varchar(50) NOT NULL DEFAULT '',
  `nome` varchar(50) DEFAULT NULL,
  `crediti` int(11) DEFAULT NULL,
  `pd` int(11) DEFAULT NULL,
  PRIMARY KEY (`codins`)
) ENGINE=InnoDB DEFAULT CHARSET=utf8;

--
-- Dumping data for table `corso`
--

INSERT INTO `corso` (`codins`, `nome`, `crediti`, `pd`) VALUES
('19AKSPG', 'Controlli Automatici', 8, 2),
('18AKSOA', 'Controlli Automatici', 10, 2),
('10BDAPG', 'Gestione dei Progetti', 8, 1),
('09AQGPG', 'Economia Aziendale', 8, 1),
('09AQGNG', 'Economia Aziendale', 8, 1),
('05ENLPG', 'Gestione dei sistemi energetici', 8, 2),
('05ENLND', 'Gestione dei sistemi energetici', 8, 2),
('03BYKPG', 'Produzione assistita dal calcolatore', 8, 1),
('03BYKNE', 'Produzione assistita dal calcolatore', 8, 1),
('03BNTPG', 'Marketing', 8, 2),
('03AQRPG', 'Economia delle fonti di energia', 8, 2),
('03AQJPG', 'Economia dei sistemi industriali', 8, 2),
('02PBVPG', 'Analisi dei sistemi economici', 8, 1),
('02HEFQR', 'Gestione integrata di fabbrica', 6, 2),
('02HEFPG', 'Gestione integrata di fabbrica', 8, 2),
('02HEFNM', 'Gestione integrata di fabbrica', 6, 2),
('02HEFNL', 'Gestione integrata di fabbrica', 6, 2),
('02CIXPG', 'Sistemi informativi aziendali', 8, 1),
('02ANYPG', 'Diritto commerciale', 8, 2),
('01QYPPG', 'Strategia e organizzazione', 8, 2),
('01QKLPG', 'Supply Chain Management', 8, 2),
('01QGDPG', 'Simulazione dei sistemi gestionali', 8, 2),
('01QGDNG', 'Simulazione dei sistemi gestionali', 8, 2),
('01PQTPG', 'Economia degli intermediari finanziari', 8, 2),
('01PDZPG', 'Analisi finanziaria e creditizia per l''impresa', 8, 2),
('01PDYPG', 'Analisi e gestione dei sistemi produttivi', 8, 2),
('01PCEPG', 'Modelli organizzativi e HRM', 8, 2),
('01OVZPG', 'Economia e finanza d''impresa', 8, 1),
('01NNEPG', 'Modelli e sistemi a eventi discreti', 8, 1),
('01NNEOV', 'Modelli e sistemi a eventi discreti', 6, 1),
('01NNENG', 'Modelli e sistemi a eventi discreti', 6, 1),
('01NBAPG', 'Ingegneria della qualità', 8, 1),
('01NATPG', 'Gestione dell''innovazione e sviluppo prodotto ICT', 8, 2),
('01KSUPG', 'Gestione dell''innovazione e sviluppo prodotto', 8, 2),
('01JEFPG', 'Imprenditorialità e business planning', 8, 2);

-- --------------------------------------------------------

--
-- Table structure for table `iscrizione`
--

CREATE TABLE `iscrizione` (
  `matricola` int(11) NOT NULL,
  `codins` varchar(50) NOT NULL,
  PRIMARY KEY (`matricola`,`codins`)
) ENGINE=InnoDB DEFAULT CHARSET= utf8;

--
-- Dumping data for table `iscrizione`
--

INSERT INTO `iscrizione` (`matricola`, `codins`) VALUES
(82751, '01NBAPG'),
(82751, '02PBVPG'),
(82751, '10BDAPG'),
(89378, '01KSUPG'),
(89378, '03AQJPG'),
(92801, '05ENLND'),
(93258, '01NNEOV'),
(93258, '01QYPPG'),
(99236, '09AQGPG'),
(99457, '02PBVPG'),
(120405, '18AKSOA'),
(126634, '02PBVPG'),
(127582, '18AKSOA'),
(134806, '18AKSOA'),
(135231, '18AKSOA'),
(135848, '01NBAPG'),
(135848, '01OVZPG'),
(135848, '02PBVPG'),
(135848, '10BDAPG'),
(140625, '18AKSOA'),
(141076, '18AKSOA'),
(142317, '18AKSOA'),
(142782, '01NBAPG'),
(143601, '18AKSOA'),
(144745, '01QYPPG'),
(144745, '02CIXPG'),
(144745, '09AQGPG'),
(144985, '01NBAPG'),
(144985, '01QYPPG'),
(144985, '02CIXPG'),
(144985, '02PBVPG'),
(147865, '18AKSOA'),
(148194, '18AKSOA'),
(149061, '18AKSOA'),
(150110, '18AKSOA'),
(150264, '18AKSOA'),
(151344, '02ANYPG'),
(151344, '03AQJPG'),
(153261, '01PCEPG'),
(153261, '01PDYPG'),
(153261, '01QGDPG'),
(153261, '01QKLPG'),
(153261, '01QYPPG'),
(153261, '02ANYPG'),
(153261, '02CIXPG'),
(153261, '02PBVPG'),
(153261, '03AQJPG'),
(153261, '09AQGPG'),
(153261, '10BDAPG'),
(154122, '18AKSOA'),
(154168, '18AKSOA'),
(154448, '18AKSOA'),
(155066, '18AKSOA'),
(155262, '01NBAPG'),
(155262, '02PBVPG'),
(155262, '10BDAPG'),
(157096, '18AKSOA'),
(158824, '01NBAPG'),
(158824, '01PDZPG'),
(159527, '01OVZPG'),
(159547, '02CIXPG'),
(159547, '02PBVPG'),
(159547, '03AQJPG'),
(159547, '09AQGPG'),
(159547, '10BDAPG'),
(159818, '01PDYPG'),
(159818, '02PBVPG'),
(160731, '01NBAPG'),
(160740, '01PDYPG'),
(160740, '02PBVPG'),
(161836, '18AKSOA'),
(162206, '18AKSOA'),
(162243, '18AKSOA'),
(162715, '18AKSOA'),
(162857, '18AKSOA'),
(163671, '18AKSOA'),
(164371, '18AKSOA'),
(165485, '18AKSOA'),
(167832, '18AKSOA'),
(168794, '05ENLND'),
(170447, '01NBAPG'),
(170447, '02PBVPG'),
(170447, '03AQJPG'),
(170447, '10BDAPG'),
(170479, '01NBAPG'),
(170479, '01PCEPG'),
(170479, '02ANYPG'),
(170479, '03AQJPG'),
(170521, '02CIXPG'),
(170521, '02PBVPG'),
(170577, '01KSUPG'),
(170577, '01NBAPG'),
(170577, '01OVZPG'),
(170577, '01PDYPG'),
(170577, '02CIXPG'),
(170577, '02PBVPG'),
(170577, '03AQJPG'),
(171514, '18AKSOA'),
(171632, '18AKSOA'),
(171997, '18AKSOA'),
(172219, '18AKSOA'),
(172312, '18AKSOA'),
(172388, '18AKSOA'),
(172546, '18AKSOA'),
(172617, '18AKSOA'),
(172755, '02HEFNL'),
(172762, '18AKSOA'),
(172889, '18AKSOA'),
(173095, '18AKSOA'),
(173284, '18AKSOA'),
(173496, '18AKSOA'),
(173545, '18AKSOA'),
(174071, '18AKSOA'),
(174153, '18AKSOA'),
(174403, '18AKSOA'),
(174419, '18AKSOA'),
(174662, '02CIXPG'),
(174662, '02PBVPG'),
(174662, '09AQGPG'),
(174739, '18AKSOA'),
(175487, '18AKSOA'),
(175505, '02CIXPG'),
(175505, '02PBVPG'),
(175505, '09AQGPG'),
(176008, '18AKSOA'),
(176105, '18AKSOA'),
(176301, '18AKSOA'),
(176360, '18AKSOA'),
(176566, '18AKSOA'),
(176652, '18AKSOA'),
(176885, '18AKSOA'),
(177824, '01KSUPG'),
(177824, '03AQJPG'),
(177906, '01NBAPG'),
(179685, '03BYKNE'),
(180056, '01NBAPG'),
(180056, '03AQJPG'),
(180330, '18AKSOA'),
(180471, '18AKSOA'),
(180617, '18AKSOA'),
(180657, '18AKSOA'),
(180753, '18AKSOA'),
(181012, '18AKSOA'),
(181024, '18AKSOA'),
(181097, '18AKSOA'),
(181296, '18AKSOA'),
(181635, '01NBAPG'),
(181635, '01OVZPG'),
(181635, '03AQJPG'),
(181635, '03AQRPG'),
(181845, '18AKSOA'),
(181846, '18AKSOA'),
(181853, '02HEFNM'),
(181903, '18AKSOA'),
(182061, '18AKSOA'),
(182122, '18AKSOA'),
(182237, '18AKSOA'),
(182270, '18AKSOA'),
(182282, '18AKSOA'),
(182408, '18AKSOA'),
(182455, '18AKSOA'),
(182493, '18AKSOA'),
(182546, '02CIXPG'),
(182546, '02PBVPG'),
(182546, '09AQGPG'),
(182618, '18AKSOA'),
(182814, '18AKSOA'),
(182815, '18AKSOA'),
(183042, '18AKSOA'),
(183202, '18AKSOA'),
(183282, '18AKSOA'),
(183455, '18AKSOA'),
(183521, '18AKSOA'),
(183704, '18AKSOA'),
(183783, '02HEFNL'),
(183866, '18AKSOA'),
(184014, '18AKSOA'),
(184027, '02HEFNL'),
(184194, '18AKSOA'),
(184895, '18AKSOA'),
(184929, '18AKSOA'),
(184965, '18AKSOA'),
(185104, '18AKSOA'),
(185147, '02CIXPG'),
(185147, '02PBVPG'),
(185147, '09AQGPG'),
(185496, '02HEFNL'),
(186077, '18AKSOA'),
(186239, '18AKSOA'),
(186330, '02CIXPG'),
(186330, '02PBVPG'),
(186330, '09AQGPG'),
(187365, '18AKSOA'),
(188051, '01NBAPG'),
(188051, '01OVZPG'),
(188051, '03AQJPG'),
(188051, '05ENLPG'),
(188071, '01KSUPG'),
(188071, '01NBAPG'),
(188071, '01OVZPG'),
(188071, '02PBVPG'),
(188077, '03BYKNE'),
(188298, '01OVZPG'),
(188405, '01NBAPG'),
(188405, '01OVZPG'),
(188405, '02ANYPG'),
(188405, '02CIXPG'),
(188405, '02PBVPG'),
(188405, '03AQJPG'),
(188405, '09AQGPG'),
(188405, '10BDAPG'),
(188470, '01NBAPG'),
(188470, '03AQJPG'),
(188470, '10BDAPG'),
(188535, '01NBAPG'),
(188722, '01PDYPG'),
(188722, '01QYPPG'),
(188722, '02ANYPG'),
(188722, '02CIXPG'),
(188722, '02PBVPG'),
(188722, '03AQJPG'),
(188722, '09AQGPG'),
(188794, '18AKSOA'),
(188891, '18AKSOA'),
(189634, '01KSUPG'),
(189634, '01NBAPG'),
(189634, '01OVZPG'),
(189634, '02ANYPG'),
(189634, '03AQJPG'),
(190303, '01NBAPG'),
(190303, '01OVZPG'),
(190303, '03AQJPG'),
(190303, '09AQGPG'),
(190303, '10BDAPG'),
(190472, '01NBAPG'),
(190472, '01OVZPG'),
(190472, '02ANYPG'),
(190482, '01NBAPG'),
(190527, '02ANYPG'),
(190551, '01NBAPG'),
(190581, '03BYKNE'),
(190628, '01NBAPG'),
(190628, '02ANYPG'),
(190857, '01NBAPG'),
(190857, '01OVZPG'),
(190857, '01PCEPG'),
(190857, '02ANYPG'),
(190857, '02CIXPG'),
(190857, '02PBVPG'),
(190857, '03AQJPG'),
(190857, '09AQGPG'),
(190857, '10BDAPG'),
(190951, '18AKSOA'),
(191030, '18AKSOA'),
(191107, '18AKSOA'),
(191122, '18AKSOA'),
(191133, '18AKSOA'),
(191141, '18AKSOA'),
(191304, '18AKSOA'),
(191390, '18AKSOA'),
(191416, '18AKSOA'),
(191429, '18AKSOA'),
(191493, '18AKSOA'),
(191522, '18AKSOA'),
(191566, '02HEFNL'),
(191700, '18AKSOA'),
(191730, '18AKSOA'),
(191737, '18AKSOA'),
(191765, '18AKSOA'),
(191804, '18AKSOA'),
(191878, '18AKSOA'),
(191886, '18AKSOA'),
(191935, '18AKSOA'),
(192693, '18AKSOA'),
(192811, '01NBAPG'),
(192815, '18AKSOA'),
(192947, '18AKSOA'),
(192977, '18AKSOA'),
(193113, '18AKSOA'),
(193192, '18AKSOA'),
(193211, '18AKSOA'),
(193231, '18AKSOA'),
(193256, '18AKSOA'),
(193265, '18AKSOA'),
(193266, '02HEFQR'),
(193322, '18AKSOA'),
(193347, '18AKSOA'),
(193365, '18AKSOA'),
(193384, '18AKSOA'),
(193391, '18AKSOA'),
(193425, '18AKSOA'),
(193426, '18AKSOA'),
(193523, '18AKSOA'),
(193549, '18AKSOA'),
(193558, '18AKSOA'),
(193649, '18AKSOA'),
(193714, '18AKSOA'),
(193820, '18AKSOA'),
(193853, '18AKSOA'),
(193860, '02HEFNL'),
(193891, '18AKSOA'),
(193928, '18AKSOA'),
(193963, '18AKSOA'),
(194021, '18AKSOA'),
(194022, '18AKSOA'),
(194104, '18AKSOA'),
(194157, '18AKSOA'),
(194186, '18AKSOA'),
(194240, '18AKSOA'),
(194287, '18AKSOA'),
(194295, '18AKSOA'),
(194316, '18AKSOA'),
(194335, '18AKSOA'),
(194391, '18AKSOA'),
(194415, '18AKSOA'),
(194490, '18AKSOA'),
(194518, '18AKSOA'),
(194550, '02HEFNM'),
(194639, '18AKSOA'),
(195021, '18AKSOA'),
(195091, '18AKSOA'),
(195101, '18AKSOA'),
(195156, '18AKSOA'),
(195408, '18AKSOA'),
(195536, '18AKSOA'),
(195573, '18AKSOA'),
(195612, '18AKSOA'),
(195620, '18AKSOA'),
(195659, '18AKSOA'),
(195701, '18AKSOA'),
(196107, '18AKSOA'),
(196169, '18AKSOA'),
(196452, '02HEFNM'),
(196540, '18AKSOA'),
(196736, '01NBAPG'),
(196736, '01QYPPG'),
(196736, '03AQJPG'),
(196736, '05ENLPG'),
(196736, '10BDAPG'),
(196816, '18AKSOA'),
(196827, '18AKSOA'),
(196829, '18AKSOA'),
(196993, '18AKSOA'),
(197005, '01KSUPG'),
(197005, '01NBAPG'),
(197005, '01OVZPG'),
(197005, '02ANYPG'),
(197005, '03AQJPG'),
(197005, '09AQGPG'),
(197176, '01OVZPG'),
(197176, '01PCEPG'),
(197176, '02PBVPG'),
(197176, '03BYKPG'),
(197177, '01NNEOV'),
(197220, '01NBAPG'),
(197220, '01OVZPG'),
(197220, '03AQJPG'),
(197220, '09AQGPG'),
(197220, '10BDAPG'),
(197225, '18AKSOA'),
(197227, '01NBAPG'),
(197227, '03AQJPG'),
(197247, '01NBAPG'),
(197247, '02ANYPG'),
(197256, '01NBAPG'),
(197256, '01OVZPG'),
(197256, '01QYPPG'),
(197320, '18AKSOA'),
(197323, '01NBAPG'),
(197433, '01NBAPG'),
(197438, '01KSUPG'),
(197438, '01NBAPG'),
(197438, '01OVZPG'),
(197438, '01PCEPG'),
(197438, '01PDYPG'),
(197438, '01QYPPG'),
(197438, '03AQJPG'),
(197438, '09AQGPG'),
(197612, '18AKSOA'),
(197695, '01NBAPG'),
(197695, '05ENLPG'),
(197936, '01NNEOV'),
(198109, '18AKSOA'),
(198115, '03BYKNE'),
(198121, '03AQJPG'),
(198459, '18AKSOA'),
(198468, '01NBAPG'),
(198566, '18AKSOA'),
(198574, '01OVZPG'),
(198574, '01PCEPG'),
(198996, '01NBAPG'),
(198996, '01PCEPG'),
(198996, '09AQGPG'),
(198997, '01NBAPG'),
(198997, '01OVZPG'),
(198997, '01PCEPG'),
(198997, '01QYPPG'),
(198997, '02ANYPG'),
(198997, '02CIXPG'),
(198997, '02PBVPG'),
(199037, '01OVZPG'),
(199187, '03BYKNE'),
(199566, '01NBAPG'),
(199572, '09AQGNG'),
(199655, '01OVZPG'),
(200323, '05ENLPG'),
(200323, '09AQGPG'),
(200337, '01NBAPG'),
(200337, '01OVZPG'),
(200368, '01NBAPG'),
(200442, '01NBAPG'),
(200456, '02ANYPG'),
(200456, '02PBVPG'),
(200456, '03AQJPG'),
(200469, '03BYKNE'),
(200516, '01NBAPG'),
(200516, '01OVZPG'),
(200516, '01QYPPG'),
(200516, '02PBVPG'),
(200516, '03AQJPG'),
(200539, '01NBAPG'),
(200539, '03AQJPG'),
(200576, '01NBAPG'),
(200576, '01OVZPG'),
(200576, '01PCEPG'),
(200576, '01QGDPG'),
(200576, '01QKLPG'),
(200576, '01QYPPG'),
(200576, '02ANYPG'),
(200576, '02CIXPG'),
(200576, '02PBVPG'),
(200576, '03AQJPG'),
(200600, '01NBAPG'),
(200600, '02PBVPG'),
(200626, '01NBAPG'),
(200626, '01OVZPG'),
(200626, '02PBVPG'),
(200626, '03AQJPG'),
(200808, '02HEFNM'),
(200824, '02HEFNL'),
(200827, '02HEFNL'),
(200833, '18AKSOA'),
(200839, '18AKSOA'),
(200843, '18AKSOA'),
(200849, '02HEFNL'),
(200851, '02HEFNL'),
(200860, '02HEFNL'),
(200861, '18AKSOA'),
(200864, '02HEFQR'),
(200868, '02HEFNL'),
(200869, '18AKSOA'),
(200873, '18AKSOA'),
(200884, '02HEFQR'),
(200891, '18AKSOA'),
(200906, '18AKSOA'),
(200919, '02HEFNL'),
(200928, '18AKSOA'),
(200930, '18AKSOA'),
(200931, '18AKSOA'),
(200943, '18AKSOA'),
(200945, '18AKSOA'),
(200948, '18AKSOA'),
(200965, '18AKSOA'),
(200987, '18AKSOA'),
(201024, '18AKSOA'),
(201029, '18AKSOA'),
(201032, '18AKSOA'),
(201042, '18AKSOA'),
(201059, '18AKSOA'),
(201063, '18AKSOA'),
(201083, '18AKSOA'),
(201088, '18AKSOA'),
(201094, '18AKSOA'),
(201095, '02HEFNL'),
(201110, '18AKSOA'),
(201120, '02HEFNM'),
(201127, '18AKSOA'),
(201129, '18AKSOA'),
(201149, '18AKSOA'),
(201157, '18AKSOA'),
(201174, '18AKSOA'),
(201179, '18AKSOA'),
(201194, '18AKSOA'),
(201268, '18AKSOA'),
(201270, '18AKSOA'),
(201275, '18AKSOA'),
(201285, '18AKSOA'),
(201292, '18AKSOA'),
(201312, '18AKSOA'),
(201314, '18AKSOA'),
(201318, '18AKSOA'),
(201327, '02HEFNM'),
(201336, '18AKSOA'),
(201337, '02HEFNL'),
(201350, '18AKSOA'),
(201370, '18AKSOA'),
(201401, '18AKSOA'),
(201404, '18AKSOA'),
(201415, '18AKSOA'),
(201432, '18AKSOA'),
(201445, '18AKSOA'),
(201451, '18AKSOA'),
(201470, '18AKSOA'),
(201473, '18AKSOA'),
(201476, '18AKSOA'),
(201506, '18AKSOA'),
(201513, '18AKSOA'),
(201532, '18AKSOA'),
(201559, '18AKSOA'),
(201567, '02HEFNL'),
(201571, '18AKSOA'),
(201586, '18AKSOA'),
(201619, '18AKSOA'),
(201621, '02HEFNL'),
(201637, '18AKSOA'),
(201639, '18AKSOA'),
(201643, '18AKSOA'),
(201701, '18AKSOA'),
(201718, '18AKSOA'),
(201724, '18AKSOA'),
(201726, '18AKSOA'),
(201775, '18AKSOA'),
(201781, '18AKSOA'),
(201799, '18AKSOA'),
(201818, '18AKSOA'),
(201834, '01NBAPG'),
(201834, '01OVZPG'),
(201834, '02ANYPG'),
(201834, '02CIXPG'),
(201834, '02PBVPG'),
(201834, '03AQJPG'),
(201862, '02HEFNL'),
(201871, '18AKSOA'),
(201913, '18AKSOA'),
(201927, '18AKSOA'),
(201945, '18AKSOA'),
(201999, '05ENLND'),
(202094, '18AKSOA'),
(202108, '02HEFQR'),
(202254, '18AKSOA'),
(202263, '18AKSOA'),
(202428, '18AKSOA'),
(202449, '01NBAPG'),
(202449, '01OVZPG'),
(202449, '03AQJPG'),
(202566, '01NBAPG'),
(202566, '01OVZPG'),
(202566, '02ANYPG'),
(202566, '02PBVPG'),
(202919, '01NBAPG'),
(202919, '01OVZPG'),
(202919, '01QGDPG'),
(202919, '02ANYPG'),
(202919, '02CIXPG'),
(202919, '02PBVPG'),
(202919, '03AQJPG'),
(202923, '03AQJPG'),
(202926, '01OVZPG'),
(202926, '02ANYPG'),
(202926, '09AQGPG'),
(202936, '18AKSOA'),
(202939, '18AKSOA'),
(202981, '01NBAPG'),
(202981, '02ANYPG'),
(202981, '05ENLPG'),
(202982, '02ANYPG'),
(202982, '05ENLPG'),
(203028, '18AKSOA'),
(203034, '18AKSOA'),
(203085, '02HEFNL'),
(203092, '02HEFNL'),
(203101, '01NATPG'),
(203101, '01NBAPG'),
(203101, '02PBVPG'),
(203101, '03AQJPG'),
(203101, '10BDAPG'),
(203139, '18AKSOA'),
(203158, '01NBAPG'),
(203158, '01OVZPG'),
(203158, '01PCEPG'),
(203158, '01QYPPG'),
(203158, '02ANYPG'),
(203158, '02PBVPG'),
(203158, '03AQJPG'),
(203158, '03BYKPG'),
(203160, '18AKSOA'),
(203172, '18AKSOA'),
(203217, '02HEFNL'),
(203351, '18AKSOA'),
(203372, '18AKSOA'),
(203404, '01NBAPG'),
(203404, '01OVZPG'),
(203404, '01QYPPG'),
(203404, '02ANYPG'),
(203404, '02PBVPG'),
(203404, '03AQJPG'),
(203404, '03AQRPG'),
(203404, '05ENLPG'),
(203404, '09AQGPG'),
(203404, '10BDAPG'),
(203460, '18AKSOA'),
(203463, '02HEFNL'),
(203475, '18AKSOA'),
(203500, '18AKSOA'),
(203519, '18AKSOA'),
(203571, '18AKSOA'),
(203584, '18AKSOA'),
(203585, '18AKSOA'),
(203586, '18AKSOA'),
(203609, '18AKSOA'),
(203645, '18AKSOA'),
(203710, '18AKSOA'),
(203753, '18AKSOA'),
(203775, '18AKSOA'),
(203789, '18AKSOA'),
(203807, '18AKSOA'),
(203813, '18AKSOA'),
(203828, '18AKSOA'),
(203849, '18AKSOA'),
(203888, '18AKSOA'),
(203901, '18AKSOA'),
(203923, '02HEFNM'),
(203932, '18AKSOA'),
(203938, '18AKSOA'),
(203950, '18AKSOA'),
(203960, '18AKSOA'),
(203989, '18AKSOA'),
(204033, '18AKSOA'),
(204034, '02HEFQR'),
(204043, '18AKSOA'),
(204119, '18AKSOA'),
(204120, '18AKSOA'),
(204142, '18AKSOA'),
(204147, '18AKSOA'),
(204173, '18AKSOA'),
(204179, '18AKSOA'),
(204210, '18AKSOA'),
(204211, '18AKSOA'),
(204224, '02HEFQR'),
(204265, '18AKSOA'),
(204273, '18AKSOA'),
(204279, '18AKSOA'),
(204281, '02HEFNL'),
(204314, '18AKSOA'),
(204318, '18AKSOA'),
(204345, '02HEFNL'),
(204387, '02HEFNL'),
(204431, '18AKSOA'),
(204469, '18AKSOA'),
(204476, '18AKSOA'),
(204477, '18AKSOA'),
(204522, '02HEFQR'),
(204525, '02HEFNM'),
(204536, '02HEFNM'),
(204547, '18AKSOA'),
(204550, '18AKSOA'),
(204599, '18AKSOA'),
(204621, '18AKSOA'),
(204631, '18AKSOA'),
(204674, '02HEFNL'),
(204678, '18AKSOA'),
(204683, '18AKSOA'),
(204691, '18AKSOA'),
(204759, '18AKSOA'),
(204822, '02HEFNL'),
(204825, '18AKSOA'),
(204833, '02HEFNL'),
(204848, '18AKSOA'),
(204854, '02HEFNL'),
(204855, '18AKSOA'),
(204873, '18AKSOA'),
(204889, '18AKSOA'),
(204933, '18AKSOA'),
(204989, '18AKSOA'),
(204994, '18AKSOA'),
(204998, '18AKSOA'),
(205009, '18AKSOA'),
(205021, '18AKSOA'),
(205065, '18AKSOA'),
(205073, '18AKSOA'),
(205082, '02HEFNL'),
(205107, '18AKSOA'),
(205111, '18AKSOA'),
(205125, '02HEFQR'),
(205142, '02HEFNL'),
(205150, '18AKSOA'),
(205179, '18AKSOA'),
(205194, '01OVZPG'),
(205275, '01QYPPG'),
(205275, '02ANYPG'),
(205275, '02PBVPG'),
(205294, '18AKSOA'),
(205306, '18AKSOA'),
(205320, '02HEFQR'),
(205340, '18AKSOA'),
(205351, '18AKSOA'),
(205366, '18AKSOA'),
(205396, '18AKSOA'),
(205451, '18AKSOA'),
(205461, '02HEFNM'),
(205485, '02HEFNL'),
(205505, '18AKSOA'),
(205551, '18AKSOA'),
(205596, '18AKSOA'),
(205597, '01QGDNG'),
(205638, '02HEFNL'),
(205655, '18AKSOA'),
(205659, '02HEFNL'),
(205678, '02HEFNL'),
(205693, '02HEFNL'),
(205725, '02HEFQR'),
(205784, '18AKSOA'),
(205843, '02HEFQR'),
(205849, '02HEFNM'),
(205871, '01OVZPG'),
(205871, '02ANYPG'),
(205871, '02CIXPG'),
(205871, '02PBVPG'),
(205871, '03AQJPG'),
(205871, '03AQRPG'),
(205871, '05ENLPG'),
(205883, '02ANYPG'),
(205883, '02CIXPG'),
(205883, '02PBVPG'),
(205883, '03AQJPG'),
(205894, '01NBAPG'),
(205894, '01OVZPG'),
(205894, '01QYPPG'),
(205894, '02CIXPG'),
(205894, '02PBVPG'),
(205894, '03AQRPG'),
(205894, '05ENLPG'),
(205894, '09AQGPG'),
(205894, '10BDAPG'),
(205915, '02ANYPG'),
(205915, '02PBVPG'),
(205959, '18AKSOA'),
(205961, '18AKSOA'),
(205990, '02HEFNM'),
(206002, '02PBVPG'),
(206002, '03AQJPG'),
(206201, '05ENLND'),
(206245, '01KSUPG'),
(206245, '01NBAPG'),
(206245, '01OVZPG'),
(206245, '01PCEPG'),
(206245, '02PBVPG'),
(206270, '01NBAPG'),
(206270, '03AQJPG'),
(206281, '01NBAPG'),
(206281, '01OVZPG'),
(206281, '02CIXPG'),
(206281, '02PBVPG'),
(206281, '10BDAPG'),
(206288, '05ENLND'),
(206327, '18AKSOA'),
(206358, '18AKSOA'),
(206359, '18AKSOA'),
(206381, '02HEFNM'),
(206453, '02HEFNL'),
(206466, '02HEFQR'),
(206527, '01NBAPG'),
(206527, '01PDZPG'),
(206527, '01PQTPG'),
(206527, '02ANYPG'),
(206527, '02PBVPG'),
(206527, '09AQGPG'),
(206527, '10BDAPG'),
(206581, '18AKSOA'),
(206589, '18AKSOA'),
(206772, '18AKSOA'),
(206833, '01KSUPG'),
(206833, '01OVZPG'),
(206833, '02ANYPG'),
(206833, '09AQGPG'),
(206871, '18AKSOA'),
(206906, '02HEFNM'),
(207021, '01NBAPG'),
(207021, '01OVZPG'),
(207021, '02PBVPG'),
(207021, '03AQJPG'),
(207241, '03BYKNE'),
(207243, '01NBAPG'),
(207243, '01PCEPG'),
(207243, '01QYPPG'),
(207243, '02ANYPG'),
(207243, '02PBVPG'),
(207243, '03AQJPG'),
(207243, '03AQRPG'),
(207243, '05ENLPG'),
(207243, '09AQGPG'),
(207368, '02HEFNL'),
(207408, '18AKSOA'),
(207413, '18AKSOA'),
(207481, '18AKSOA'),
(207688, '02HEFNL'),
(207719, '18AKSOA'),
(207732, '18AKSOA'),
(207788, '18AKSOA'),
(207857, '02HEFNL'),
(207911, '01OVZPG'),
(207925, '01OVZPG'),
(207925, '02PBVPG'),
(207925, '05ENLPG'),
(207978, '01KSUPG'),
(207978, '01NBAPG'),
(207978, '01OVZPG'),
(207978, '01PCEPG'),
(207978, '02ANYPG'),
(207978, '02PBVPG'),
(207978, '09AQGPG'),
(207998, '01PCEPG'),
(207998, '02ANYPG'),
(207998, '05ENLPG'),
(208000, '01OVZPG'),
(208063, '02HEFNM'),
(208133, '01OVZPG'),
(208133, '02ANYPG'),
(208133, '02CIXPG'),
(208135, '01NBAPG'),
(208135, '02ANYPG'),
(208137, '01NBAPG'),
(208137, '01OVZPG'),
(208137, '02PBVPG'),
(208137, '03AQJPG'),
(208177, '02ANYPG'),
(208584, '01OVZPG'),
(208584, '03AQRPG'),
(208584, '05ENLPG'),
(208588, '01NBAPG'),
(208588, '01PCEPG'),
(208588, '03AQJPG'),
(208588, '05ENLPG'),
(208588, '09AQGPG'),
(208710, '01PDYPG'),
(208710, '01QYPPG'),
(208710, '02ANYPG'),
(208710, '02CIXPG'),
(208710, '02PBVPG'),
(208710, '03AQJPG'),
(208710, '09AQGPG'),
(208710, '10BDAPG'),
(208735, '05ENLND'),
(208817, '01OVZPG'),
(208817, '02ANYPG'),
(208817, '02PBVPG'),
(208817, '03AQJPG'),
(208817, '09AQGPG'),
(208924, '02PBVPG'),
(208937, '01NBAPG'),
(208937, '01PCEPG'),
(208937, '01QGDPG'),
(208937, '02ANYPG'),
(208937, '02PBVPG'),
(208937, '03AQJPG'),
(208960, '01NBAPG'),
(208960, '01OVZPG'),
(208960, '02ANYPG'),
(208960, '02PBVPG'),
(208960, '03AQJPG'),
(208960, '09AQGPG'),
(208960, '10BDAPG'),
(208976, '01NBAPG'),
(208976, '01OVZPG'),
(208976, '01PDYPG'),
(208976, '01QGDPG'),
(208976, '01QKLPG'),
(208976, '02ANYPG'),
(208976, '02PBVPG'),
(208976, '03AQJPG'),
(208976, '09AQGPG'),
(209058, '01KSUPG'),
(209058, '01NBAPG'),
(209058, '01OVZPG'),
(209058, '01PCEPG'),
(209058, '02ANYPG'),
(209058, '02PBVPG'),
(209058, '03AQJPG'),
(209058, '03BYKPG'),
(209058, '09AQGPG'),
(209059, '01OVZPG'),
(209059, '01PDYPG'),
(209059, '05ENLPG'),
(209087, '01NBAPG'),
(209087, '01OVZPG'),
(209087, '02ANYPG'),
(209087, '03AQJPG'),
(209087, '09AQGPG'),
(209087, '10BDAPG'),
(209148, '03BYKNE'),
(209230, '01OVZPG'),
(209230, '02PBVPG'),
(209230, '09AQGPG'),
(209272, '02PBVPG'),
(209278, '01OVZPG'),
(209278, '02ANYPG'),
(209297, '02ANYPG'),
(209297, '02PBVPG'),
(209301, '03AQJPG'),
(209308, '01JEFPG'),
(209308, '01KSUPG'),
(209308, '01NBAPG'),
(209308, '01OVZPG'),
(209308, '03AQJPG'),
(209308, '03BNTPG'),
(209308, '10BDAPG'),
(209321, '01NBAPG'),
(209321, '01OVZPG'),
(209321, '02PBVPG'),
(209321, '10BDAPG'),
(209340, '01OVZPG'),
(209340, '02ANYPG'),
(209340, '02PBVPG'),
(209340, '03AQJPG'),
(209340, '09AQGPG'),
(209344, '01OVZPG'),
(209345, '01OVZPG'),
(209345, '02PBVPG'),
(209361, '01NBAPG'),
(209361, '01OVZPG'),
(209361, '01PCEPG'),
(209361, '02PBVPG'),
(209361, '03AQJPG'),
(209361, '03AQRPG'),
(209361, '05ENLPG'),
(209361, '09AQGPG'),
(209378, '01NBAPG'),
(209378, '01OVZPG'),
(209420, '01OVZPG'),
(209420, '01PDZPG'),
(209445, '01NBAPG'),
(209445, '01OVZPG'),
(209445, '01PDZPG'),
(209445, '01PQTPG'),
(209445, '02ANYPG'),
(209445, '02PBVPG'),
(209485, '01QKLPG'),
(209485, '02ANYPG'),
(209485, '02PBVPG'),
(209485, '03AQJPG'),
(209489, '01NBAPG'),
(209489, '01OVZPG'),
(209508, '01OVZPG'),
(209520, '01NBAPG'),
(209526, '02ANYPG'),
(209526, '02PBVPG'),
(209561, '01NATPG'),
(209561, '01OVZPG'),
(209561, '01QYPPG'),
(209561, '02ANYPG'),
(209561, '02PBVPG'),
(209561, '09AQGPG'),
(209570, '01NBAPG'),
(209570, '01OVZPG'),
(209570, '02PBVPG'),
(209570, '03AQJPG'),
(209578, '01OVZPG'),
(209579, '01NBAPG'),
(209579, '01OVZPG'),
(209579, '01PDZPG'),
(209579, '02PBVPG'),
(209591, '01QGDPG'),
(209591, '01QKLPG'),
(209591, '02ANYPG'),
(209591, '02PBVPG'),
(209591, '03AQJPG'),
(209591, '10BDAPG'),
(209593, '01KSUPG'),
(209593, '01NBAPG'),
(209593, '01OVZPG'),
(209593, '03AQJPG'),
(209606, '02PBVPG'),
(209609, '01KSUPG'),
(209609, '01NBAPG'),
(209609, '01OVZPG'),
(209609, '02ANYPG'),
(209609, '02PBVPG'),
(209609, '03AQJPG'),
(209617, '01NBAPG'),
(209617, '01OVZPG'),
(209617, '01PCEPG'),
(209617, '02ANYPG'),
(209617, '02PBVPG'),
(209617, '03AQJPG'),
(209617, '03AQRPG'),
(209617, '05ENLPG'),
(209617, '09AQGPG'),
(209633, '01NBAPG'),
(209633, '01OVZPG'),
(209633, '02ANYPG'),
(209633, '02PBVPG'),
(209641, '01NATPG'),
(209641, '10BDAPG'),
(209676, '01OVZPG'),
(209676, '02ANYPG'),
(209676, '02CIXPG'),
(209676, '02PBVPG'),
(209789, '09AQGPG'),
(209893, '01KSUPG'),
(209893, '01NBAPG'),
(209893, '01OVZPG'),
(209893, '02CIXPG'),
(209893, '03AQJPG'),
(209893, '09AQGPG'),
(209909, '02PBVPG'),
(209909, '03AQRPG'),
(209909, '05ENLPG'),
(209953, '01NBAPG'),
(209986, '01OVZPG'),
(209986, '02ANYPG'),
(209986, '02PBVPG'),
(210001, '01PDZPG'),
(210001, '01PQTPG'),
(210001, '02PBVPG'),
(210018, '01KSUPG'),
(210018, '01OVZPG'),
(210018, '02ANYPG'),
(210019, '01KSUPG'),
(210019, '01OVZPG'),
(210027, '01NBAPG'),
(210027, '01OVZPG'),
(210027, '02PBVPG'),
(210027, '03AQJPG'),
(210027, '09AQGPG'),
(210044, '01OVZPG'),
(210044, '02PBVPG'),
(210045, '01OVZPG'),
(210045, '09AQGPG'),
(210074, '01NBAPG'),
(210074, '01OVZPG'),
(210074, '02PBVPG'),
(210074, '03AQJPG'),
(210087, '02PBVPG'),
(210107, '02PBVPG'),
(210179, '03BYKNE'),
(210414, '01JEFPG'),
(210523, '10BDAPG'),
(210728, '05ENLND'),
(210765, '01JEFPG'),
(210765, '01KSUPG'),
(210765, '01NBAPG'),
(210765, '01OVZPG'),
(210765, '01QYPPG'),
(210765, '02CIXPG'),
(210765, '02PBVPG'),
(210765, '03BNTPG'),
(210765, '09AQGPG'),
(210765, '10BDAPG'),
(210854, '05ENLND'),
(210864, '01KSUPG'),
(210864, '01NBAPG'),
(210864, '01OVZPG'),
(210864, '02ANYPG'),
(210864, '03BYKPG'),
(210864, '10BDAPG'),
(210919, '02CIXPG'),
(210919, '02PBVPG'),
(210919, '09AQGPG'),
(210926, '01NBAPG'),
(210926, '01OVZPG'),
(210926, '01PQTPG'),
(210926, '02CIXPG'),
(210926, '10BDAPG'),
(211011, '01JEFPG'),
(211011, '01NBAPG'),
(211011, '01OVZPG'),
(211011, '01PDZPG'),
(211011, '01PQTPG'),
(211011, '02ANYPG'),
(211011, '02CIXPG'),
(211011, '02PBVPG'),
(211011, '10BDAPG'),
(211032, '02PBVPG'),
(211032, '09AQGPG'),
(211035, '02ANYPG'),
(211035, '02CIXPG'),
(211035, '02PBVPG'),
(211035, '09AQGPG'),
(211036, '02CIXPG'),
(211036, '02PBVPG'),
(211036, '09AQGPG'),
(211041, '01JEFPG'),
(211041, '02CIXPG'),
(211041, '02PBVPG'),
(211041, '03AQJPG'),
(211041, '09AQGPG'),
(211048, '02CIXPG'),
(211048, '02PBVPG'),
(211048, '09AQGPG'),
(211050, '01NBAPG'),
(211050, '01OVZPG'),
(211050, '02ANYPG'),
(211050, '02PBVPG'),
(211050, '10BDAPG'),
(211053, '05ENLND'),
(211059, '01JEFPG'),
(211059, '01KSUPG'),
(211059, '01NBAPG'),
(211059, '01OVZPG'),
(211059, '01QYPPG'),
(211059, '02ANYPG'),
(211059, '02CIXPG'),
(211059, '03BNTPG'),
(211059, '10BDAPG'),
(211066, '01PDYPG'),
(211068, '01NBAPG'),
(211068, '01OVZPG'),
(211068, '02CIXPG'),
(211068, '05ENLPG'),
(211068, '09AQGPG'),
(211068, '10BDAPG'),
(211083, '01QKLPG'),
(211083, '02CIXPG'),
(211083, '02PBVPG'),
(211083, '09AQGPG'),
(211084, '02CIXPG'),
(211084, '02PBVPG'),
(211084, '09AQGPG'),
(211090, '01PQTPG'),
(211090, '02CIXPG'),
(211090, '02PBVPG'),
(211090, '09AQGPG'),
(211097, '01NBAPG'),
(211097, '01OVZPG'),
(211097, '01PCEPG'),
(211097, '01QYPPG'),
(211097, '02ANYPG'),
(211097, '02CIXPG'),
(211097, '02PBVPG'),
(211097, '03BYKPG'),
(211097, '10BDAPG'),
(211105, '01NBAPG'),
(211105, '01OVZPG'),
(211105, '01PCEPG'),
(211105, '02CIXPG'),
(211105, '02PBVPG'),
(211105, '03AQJPG'),
(211105, '03AQRPG'),
(211105, '05ENLPG'),
(211105, '09AQGPG'),
(211131, '03BYKNE'),
(211175, '05ENLND'),
(211179, '01NBAPG'),
(211179, '01OVZPG'),
(211179, '01PCEPG'),
(211179, '02CIXPG'),
(211179, '02PBVPG'),
(211179, '03BYKPG'),
(211218, '01NBAPG'),
(211218, '01OVZPG'),
(211218, '01PQTPG'),
(211218, '02CIXPG'),
(211218, '09AQGPG'),
(211218, '10BDAPG'),
(211219, '05ENLND'),
(211221, '01NBAPG'),
(211221, '01OVZPG'),
(211221, '02CIXPG'),
(211221, '09AQGPG'),
(211221, '10BDAPG'),
(211222, '05ENLND'),
(211227, '01NBAPG'),
(211227, '01OVZPG'),
(211227, '01QGDPG'),
(211227, '02ANYPG'),
(211227, '03AQJPG'),
(211227, '09AQGPG'),
(211227, '10BDAPG'),
(211229, '03BYKNE'),
(211231, '05ENLND'),
(211243, '03BYKNE'),
(211248, '01NBAPG'),
(211248, '01OVZPG'),
(211248, '02PBVPG'),
(211248, '03AQRPG'),
(211248, '05ENLPG'),
(211248, '09AQGPG'),
(211249, '01NNEOV'),
(211262, '01NBAPG'),
(211262, '02PBVPG'),
(211291, '01JEFPG'),
(211295, '05ENLND'),
(211305, '05ENLND'),
(211307, '03BYKNE'),
(211313, '05ENLND'),
(211314, '03AQRPG'),
(211325, '01OVZPG'),
(211325, '02ANYPG'),
(211325, '02PBVPG'),
(211325, '09AQGPG'),
(211343, '01NNEOV'),
(211404, '01NBAPG'),
(211404, '01OVZPG'),
(211404, '01QKLPG'),
(211404, '03AQJPG'),
(211404, '10BDAPG'),
(211407, '01OVZPG'),
(211407, '01QKLPG'),
(211407, '02CIXPG'),
(211407, '02PBVPG'),
(211407, '09AQGPG'),
(211436, '01NBAPG'),
(211436, '02CIXPG'),
(211436, '02PBVPG'),
(211436, '09AQGPG'),
(211439, '01NBAPG'),
(211439, '01OVZPG'),
(211439, '01PCEPG'),
(211439, '01QGDPG'),
(211439, '01QKLPG'),
(211439, '10BDAPG'),
(211445, '01NBAPG'),
(211445, '01OVZPG'),
(211445, '01PDZPG'),
(211445, '01PQTPG'),
(211445, '02PBVPG'),
(211445, '03AQJPG'),
(211445, '10BDAPG'),
(211446, '01NBAPG'),
(211446, '02CIXPG'),
(211448, '01OVZPG'),
(211448, '02CIXPG'),
(211448, '02PBVPG'),
(211448, '09AQGPG'),
(211454, '01OVZPG'),
(211454, '01QGDPG'),
(211454, '02ANYPG'),
(211454, '02PBVPG'),
(211454, '03AQJPG'),
(211454, '09AQGPG'),
(211455, '01NBAPG'),
(211455, '01OVZPG'),
(211455, '01PCEPG'),
(211455, '01PDYPG'),
(211455, '01QGDPG'),
(211455, '02ANYPG'),
(211455, '02CIXPG'),
(211455, '02PBVPG'),
(211455, '03AQJPG'),
(211455, '09AQGPG'),
(211461, '01NBAPG'),
(211461, '03AQJPG'),
(211462, '01NBAPG'),
(211462, '01OVZPG'),
(211462, '02ANYPG'),
(211462, '02PBVPG'),
(211462, '09AQGPG'),
(211463, '01NBAPG'),
(211463, '01OVZPG'),
(211463, '01PDZPG'),
(211463, '01PQTPG'),
(211463, '02CIXPG'),
(211463, '02PBVPG'),
(211463, '09AQGPG'),
(211463, '10BDAPG'),
(211465, '01NBAPG'),
(211465, '01OVZPG'),
(211472, '01NBAPG'),
(211472, '01OVZPG'),
(211472, '10BDAPG'),
(211477, '01NBAPG'),
(211477, '01OVZPG'),
(211477, '02PBVPG'),
(211477, '10BDAPG'),
(211482, '01NATPG'),
(211482, '01NBAPG'),
(211482, '02ANYPG'),
(211482, '02PBVPG'),
(211482, '09AQGPG'),
(211484, '01OVZPG'),
(211484, '02PBVPG'),
(211487, '01NBAPG'),
(211487, '01OVZPG'),
(211487, '01QGDPG'),
(211487, '02ANYPG'),
(211487, '03AQJPG'),
(211487, '09AQGPG'),
(211487, '10BDAPG'),
(211497, '02PBVPG'),
(211503, '01NBAPG'),
(211503, '01OVZPG'),
(211503, '02PBVPG'),
(211503, '09AQGPG'),
(211513, '01NBAPG'),
(211513, '01OVZPG'),
(211513, '10BDAPG'),
(211519, '01OVZPG'),
(211524, '01NBAPG'),
(211524, '02PBVPG'),
(211524, '10BDAPG'),
(211533, '01NBAPG'),
(211533, '01OVZPG'),
(211533, '01QKLPG'),
(211533, '10BDAPG'),
(211535, '01NBAPG'),
(211535, '10BDAPG'),
(211541, '02ANYPG'),
(211541, '02CIXPG'),
(211541, '02PBVPG'),
(211541, '09AQGPG'),
(211546, '01NBAPG'),
(211546, '01OVZPG'),
(211546, '02CIXPG'),
(211546, '03AQRPG'),
(211546, '09AQGPG'),
(211546, '10BDAPG'),
(211548, '01NBAPG'),
(211548, '02ANYPG'),
(211548, '02PBVPG'),
(211548, '10BDAPG'),
(211552, '01OVZPG'),
(211552, '01PDYPG'),
(211552, '01QYPPG'),
(211552, '02ANYPG'),
(211552, '02CIXPG'),
(211552, '02PBVPG'),
(211552, '03AQJPG'),
(211552, '03AQRPG'),
(211552, '09AQGPG'),
(211552, '10BDAPG'),
(211554, '01NBAPG'),
(211554, '01PQTPG'),
(211554, '02ANYPG'),
(211554, '02PBVPG'),
(211555, '03BYKNE'),
(211597, '01JEFPG'),
(211597, '01OVZPG'),
(211597, '01PDZPG'),
(211597, '01PQTPG'),
(211597, '09AQGPG'),
(211610, '01NBAPG'),
(211610, '01OVZPG'),
(211610, '01PCEPG'),
(211610, '02ANYPG'),
(211610, '03AQJPG'),
(211610, '10BDAPG'),
(211618, '02PBVPG'),
(211618, '09AQGPG'),
(211623, '01OVZPG'),
(211623, '01PDZPG'),
(211623, '01PQTPG'),
(211623, '02CIXPG'),
(211623, '02PBVPG'),
(211623, '09AQGPG'),
(211626, '01OVZPG'),
(211626, '01PCEPG'),
(211626, '02ANYPG'),
(211626, '02PBVPG'),
(211626, '09AQGPG'),
(211629, '01NBAPG'),
(211629, '01OVZPG'),
(211629, '09AQGPG'),
(211636, '01NBAPG'),
(211636, '02ANYPG'),
(211636, '02PBVPG'),
(211636, '09AQGPG'),
(211636, '10BDAPG'),
(211637, '01NBAPG'),
(211637, '01OVZPG'),
(211637, '01QGDPG'),
(211637, '02ANYPG'),
(211637, '02CIXPG'),
(211637, '02PBVPG'),
(211637, '09AQGPG'),
(211639, '01NBAPG'),
(211639, '03AQJPG'),
(211640, '01NATPG'),
(211640, '01NBAPG'),
(211640, '01OVZPG'),
(211640, '02ANYPG'),
(211640, '02CIXPG'),
(211640, '02PBVPG'),
(211640, '09AQGPG'),
(211643, '03BYKNE'),
(211647, '01QGDPG'),
(211647, '02PBVPG'),
(211648, '03BYKNE'),
(211657, '01NBAPG'),
(211657, '01OVZPG'),
(211660, '03AQJPG'),
(211663, '01NBAPG'),
(211663, '01OVZPG'),
(211663, '02ANYPG'),
(211663, '02CIXPG'),
(211663, '02PBVPG'),
(211663, '03BNTPG'),
(211663, '09AQGPG'),
(211663, '10BDAPG'),
(211847, '02HEFQR'),
(213091, '05ENLND'),
(213643, '01NBAPG'),
(213643, '01NNEPG'),
(213643, '01OVZPG'),
(213643, '01QYPPG'),
(213643, '02ANYPG'),
(213643, '02CIXPG'),
(213643, '02HEFPG'),
(213643, '02PBVPG'),
(213643, '03AQJPG'),
(213643, '09AQGPG'),
(213643, '10BDAPG'),
(213643, '19AKSPG'),
(213651, '01NNEOV'),
(213859, '01NBAPG'),
(213859, '01OVZPG'),
(213859, '01PCEPG'),
(213859, '01QYPPG'),
(213859, '02ANYPG'),
(213859, '03AQJPG'),
(213859, '03AQRPG'),
(213859, '05ENLPG'),
(213859, '09AQGPG'),
(213859, '10BDAPG'),
(213952, '02HEFQR'),
(213981, '01NBAPG'),
(213981, '01OVZPG'),
(213981, '01PCEPG'),
(213981, '01QGDPG'),
(213981, '01QKLPG'),
(213981, '02PBVPG'),
(213981, '10BDAPG'),
(213994, '01NBAPG'),
(213994, '01QGDPG'),
(213994, '09AQGPG'),
(213994, '10BDAPG'),
(213997, '01NBAPG'),
(213997, '01OVZPG'),
(213997, '01PDZPG'),
(213997, '01QGDPG'),
(213997, '02ANYPG'),
(213997, '02CIXPG'),
(213997, '02PBVPG'),
(213997, '03AQJPG'),
(213997, '10BDAPG'),
(214004, '01NBAPG'),
(214004, '01PCEPG'),
(214004, '03AQRPG'),
(214004, '05ENLPG'),
(214004, '10BDAPG'),
(214083, '01KSUPG'),
(214083, '01QKLPG'),
(214096, '01NATPG'),
(214096, '01NBAPG'),
(214096, '01OVZPG'),
(214096, '10BDAPG'),
(214118, '01NBAPG'),
(214118, '01OVZPG'),
(214118, '01PDZPG'),
(214118, '01PQTPG'),
(214118, '01QGDPG'),
(214118, '10BDAPG'),
(214140, '01NBAPG'),
(214140, '01OVZPG'),
(214140, '01PDZPG'),
(214140, '01PQTPG'),
(214140, '01QGDPG'),
(214140, '01QYPPG'),
(214140, '02PBVPG'),
(214140, '03AQJPG'),
(214140, '10BDAPG'),
(214180, '03AQJPG'),
(214193, '01KSUPG'),
(214193, '01NBAPG'),
(214193, '01OVZPG'),
(214193, '02PBVPG'),
(214193, '03AQJPG'),
(214193, '03BNTPG'),
(214193, '10BDAPG'),
(214194, '01JEFPG'),
(214194, '01KSUPG'),
(214194, '01NBAPG'),
(214194, '03BNTPG'),
(214194, '10BDAPG'),
(214206, '18AKSOA'),
(214230, '05ENLND'),
(214249, '03BYKNE'),
(214442, '01NNENG'),
(214442, '09AQGNG'),
(214444, '03BYKNE'),
(214545, '01JEFPG'),
(214545, '01KSUPG'),
(214545, '01NBAPG'),
(214545, '03BNTPG'),
(214545, '10BDAPG'),
(214571, '01KSUPG'),
(214571, '01NBAPG'),
(214571, '01OVZPG'),
(214571, '03BYKPG'),
(214571, '10BDAPG'),
(214644, '03BYKNE'),
(214701, '01KSUPG'),
(214701, '01NBAPG'),
(214701, '01OVZPG'),
(214701, '01QYPPG'),
(214701, '03BNTPG'),
(214701, '10BDAPG'),
(214749, '03BYKNE'),
(214758, '03BYKNE'),
(214905, '05ENLND'),
(214957, '05ENLND'),
(214978, '01NBAPG'),
(214978, '01OVZPG'),
(214978, '01QGDPG'),
(214978, '01QKLPG'),
(214978, '03AQJPG'),
(214978, '10BDAPG'),
(215048, '03BYKNE'),
(215062, '03BYKNE'),
(215119, '05ENLND'),
(215162, '01KSUPG'),
(215162, '01NBAPG'),
(215162, '03BYKPG'),
(215162, '10BDAPG'),
(215221, '01QKLPG'),
(215228, '01NATPG'),
(215228, '01NBAPG'),
(215228, '01OVZPG'),
(215228, '01QYPPG'),
(215228, '03AQJPG'),
(215228, '10BDAPG'),
(215539, '01KSUPG'),
(215539, '01PDYPG'),
(215574, '02HEFNL'),
(215634, '01JEFPG'),
(215634, '01KSUPG'),
(215634, '01NBAPG'),
(215634, '01OVZPG'),
(215634, '02PBVPG'),
(215634, '03AQJPG'),
(215634, '03BNTPG'),
(215634, '09AQGPG'),
(215634, '10BDAPG'),
(215678, '01NBAPG'),
(215678, '01OVZPG'),
(215678, '02PBVPG'),
(215678, '03AQJPG'),
(215678, '03AQRPG'),
(215678, '05ENLPG'),
(215678, '09AQGPG'),
(215678, '10BDAPG'),
(216099, '02HEFQR'),
(216216, '01NBAPG'),
(216216, '01OVZPG'),
(216216, '01PDZPG'),
(216216, '01QGDPG'),
(216216, '01QYPPG'),
(216216, '02CIXPG'),
(216216, '03AQJPG'),
(216216, '10BDAPG'),
(216276, '01JEFPG'),
(216276, '01KSUPG'),
(216276, '01NBAPG'),
(216276, '01OVZPG'),
(216276, '02ANYPG'),
(216276, '03AQJPG'),
(216276, '03BNTPG'),
(216276, '10BDAPG'),
(216282, '01NBAPG'),
(216282, '01OVZPG'),
(216282, '02CIXPG'),
(216282, '03AQJPG'),
(216282, '03AQRPG'),
(216282, '05ENLPG'),
(216282, '09AQGPG'),
(216282, '10BDAPG'),
(216300, '01JEFPG'),
(216300, '01KSUPG'),
(216300, '01NBAPG'),
(216300, '01OVZPG'),
(216300, '03BNTPG'),
(216300, '09AQGPG'),
(216300, '10BDAPG'),
(216336, '01NBAPG'),
(216336, '01OVZPG'),
(216336, '01PDZPG'),
(216336, '01QGDPG'),
(216336, '10BDAPG'),
(216372, '03BYKNE'),
(216442, '01NBAPG'),
(216442, '01OVZPG'),
(216442, '01PDZPG'),
(216442, '01PQTPG'),
(216442, '03AQJPG'),
(216442, '09AQGPG'),
(216442, '10BDAPG'),
(216495, '01JEFPG'),
(216495, '01KSUPG'),
(216495, '01NBAPG'),
(216495, '01OVZPG'),
(216495, '02ANYPG'),
(216495, '02PBVPG'),
(216495, '03BNTPG'),
(216495, '10BDAPG'),
(216530, '01NBAPG'),
(216530, '01OVZPG'),
(216530, '01PCEPG'),
(216530, '01QGDPG'),
(216530, '01QKLPG'),
(216530, '02ANYPG'),
(216530, '03AQJPG'),
(216530, '10BDAPG'),
(216544, '01JEFPG'),
(216544, '01KSUPG'),
(216544, '01NBAPG'),
(216544, '03BNTPG'),
(216544, '10BDAPG'),
(216585, '01JEFPG'),
(216585, '01KSUPG'),
(216585, '01NBAPG'),
(216585, '01OVZPG'),
(216585, '03BNTPG'),
(216585, '10BDAPG'),
(216623, '01NBAPG'),
(216623, '01PDZPG'),
(216623, '01PQTPG'),
(216623, '03AQJPG'),
(216623, '09AQGPG'),
(216652, '01JEFPG'),
(216652, '01KSUPG'),
(216652, '01NBAPG'),
(216652, '01OVZPG'),
(216652, '02ANYPG'),
(216652, '03BNTPG'),
(216652, '09AQGPG'),
(216652, '10BDAPG'),
(216661, '01KSUPG'),
(216661, '01NBAPG'),
(216661, '01OVZPG'),
(216661, '01QYPPG'),
(216661, '02ANYPG'),
(216661, '03BYKPG'),
(216661, '10BDAPG'),
(216676, '01NBAPG'),
(216676, '01OVZPG'),
(216676, '01PDZPG'),
(216676, '01QGDPG'),
(216676, '10BDAPG'),
(216725, '01JEFPG'),
(216725, '01KSUPG'),
(216725, '01NBAPG'),
(216725, '01OVZPG'),
(216725, '03BNTPG'),
(216725, '10BDAPG'),
(216773, '05ENLND'),
(216788, '01NBAPG'),
(216788, '01OVZPG'),
(216788, '01PCEPG'),
(216788, '01QGDPG'),
(216788, '01QKLPG'),
(216788, '01QYPPG'),
(216788, '10BDAPG'),
(216794, '01KSUPG'),
(216794, '01NBAPG'),
(216794, '01OVZPG'),
(216794, '03BNTPG'),
(216794, '10BDAPG'),
(216857, '05ENLND'),
(216859, '01KSUPG'),
(216859, '01NBAPG'),
(216859, '01OVZPG'),
(216859, '01PDYPG'),
(216859, '02ANYPG'),
(216859, '02PBVPG'),
(216859, '03AQJPG'),
(216859, '03BYKPG'),
(216859, '10BDAPG'),
(216990, '03BYKNE'),
(217031, '01NBAPG'),
(217031, '01OVZPG'),
(217031, '01QYPPG'),
(217031, '02ANYPG'),
(217031, '02PBVPG'),
(217031, '03AQJPG'),
(217031, '03AQRPG'),
(217031, '05ENLPG'),
(217031, '10BDAPG'),
(217108, '05ENLND'),
(217128, '01JEFPG'),
(217128, '01KSUPG'),
(217128, '01NBAPG'),
(217128, '01OVZPG'),
(217128, '03AQJPG'),
(217128, '03BNTPG'),
(217128, '10BDAPG'),
(217462, '01NBAPG'),
(217462, '01OVZPG'),
(217462, '01PDYPG'),
(217462, '01QYPPG'),
(217462, '02ANYPG'),
(217462, '02CIXPG'),
(217462, '02PBVPG'),
(217462, '03AQJPG'),
(217462, '09AQGPG'),
(217462, '10BDAPG'),
(217478, '01JEFPG'),
(217530, '01NBAPG'),
(217530, '01OVZPG'),
(217530, '01PCEPG'),
(217530, '01QGDPG'),
(217530, '01QKLPG'),
(217530, '10BDAPG'),
(217553, '01JEFPG'),
(217553, '01KSUPG'),
(217553, '01NBAPG'),
(217553, '01OVZPG'),
(217553, '01QYPPG'),
(217553, '02PBVPG'),
(217553, '03BNTPG'),
(217553, '10BDAPG'),
(217634, '01NBAPG'),
(217634, '01OVZPG'),
(217634, '01QGDPG'),
(217634, '01QKLPG'),
(217634, '01QYPPG'),
(217634, '03AQJPG'),
(217634, '09AQGPG'),
(217634, '10BDAPG'),
(217760, '05ENLND'),
(217784, '02HEFNL'),
(217788, '03BYKNE'),
(217791, '02HEFNL'),
(217820, '01KSUPG'),
(217820, '01NBAPG'),
(217820, '03BYKPG'),
(217820, '10BDAPG'),
(217836, '01JEFPG'),
(217836, '01KSUPG'),
(217836, '01NBAPG'),
(217836, '01OVZPG'),
(217836, '03BNTPG'),
(217836, '10BDAPG'),
(217864, '03BYKNE'),
(217948, '01JEFPG'),
(217948, '01KSUPG'),
(217948, '01NBAPG'),
(217948, '01OVZPG'),
(217948, '03BNTPG'),
(217948, '10BDAPG'),
(217950, '01KSUPG'),
(217950, '01OVZPG'),
(217950, '01PCEPG'),
(217950, '01QYPPG'),
(217950, '02ANYPG'),
(217950, '02CIXPG'),
(217950, '02PBVPG'),
(217950, '03AQJPG'),
(217950, '03BYKPG'),
(217950, '10BDAPG'),
(217953, '01KSUPG'),
(217953, '01QKLPG'),
(218031, '02HEFNM'),
(218095, '01NBAPG'),
(218095, '01OVZPG'),
(218095, '01PDYPG'),
(218095, '01QGDPG'),
(218095, '01QKLPG'),
(218095, '01QYPPG'),
(218095, '03AQJPG'),
(218095, '10BDAPG'),
(218194, '01NATPG'),
(218194, '01NBAPG'),
(218194, '01OVZPG'),
(218194, '02PBVPG'),
(218194, '10BDAPG'),
(218213, '02HEFNM'),
(218233, '05ENLND'),
(218236, '01NATPG'),
(218236, '01NBAPG'),
(218236, '01OVZPG'),
(218236, '09AQGPG'),
(218236, '10BDAPG'),
(218267, '01KSUPG'),
(218267, '01NBAPG'),
(218267, '01OVZPG'),
(218267, '01PCEPG'),
(218267, '01QYPPG'),
(218267, '02PBVPG'),
(218267, '03BYKPG'),
(218267, '10BDAPG'),
(218274, '05ENLND'),
(218341, '02HEFQR'),
(218419, '01NBAPG'),
(218419, '01OVZPG'),
(218419, '01QGDPG'),
(218419, '01QKLPG'),
(218419, '02PBVPG'),
(218419, '09AQGPG'),
(218419, '10BDAPG'),
(218482, '01NATPG'),
(218482, '01NBAPG'),
(218482, '01OVZPG'),
(218482, '02ANYPG'),
(218482, '10BDAPG'),
(218517, '01NBAPG'),
(218517, '01OVZPG'),
(218517, '01PDZPG'),
(218517, '01QGDPG'),
(218517, '03AQJPG'),
(218517, '09AQGPG'),
(218517, '10BDAPG'),
(218526, '01NATPG'),
(218526, '01NBAPG'),
(218526, '01OVZPG'),
(218526, '02ANYPG'),
(218526, '03AQJPG'),
(218526, '10BDAPG'),
(218533, '01JEFPG'),
(218533, '01KSUPG'),
(218533, '01NBAPG'),
(218533, '01OVZPG'),
(218533, '10BDAPG'),
(218608, '01JEFPG'),
(218608, '01KSUPG'),
(218608, '01NBAPG'),
(218608, '01OVZPG'),
(218608, '01QYPPG'),
(218608, '02ANYPG'),
(218608, '02CIXPG'),
(218608, '03AQJPG'),
(218608, '09AQGPG'),
(218608, '10BDAPG'),
(218646, '01JEFPG'),
(218646, '01KSUPG'),
(218646, '01NBAPG'),
(218646, '01OVZPG'),
(218646, '03AQJPG'),
(218646, '03BNTPG'),
(218646, '09AQGPG'),
(218646, '10BDAPG'),
(218739, '01NNEOV'),
(218776, '18AKSOA'),
(218815, '03BYKNE'),
(218818, '03BYKNE'),
(218823, '01KSUPG'),
(218823, '01NBAPG'),
(218823, '01OVZPG'),
(218823, '01PCEPG'),
(218823, '02PBVPG'),
(218823, '03BNTPG'),
(218823, '10BDAPG'),
(218868, '05ENLND'),
(218885, '05ENLND'),
(218997, '01KSUPG'),
(218997, '01NBAPG'),
(218997, '01OVZPG'),
(218997, '01PCEPG'),
(218997, '02CIXPG'),
(218997, '03AQJPG'),
(218997, '03BYKPG'),
(218997, '09AQGPG'),
(218997, '10BDAPG'),
(219015, '18AKSOA'),
(219026, '01NBAPG'),
(219026, '01OVZPG'),
(219026, '01PCEPG'),
(219026, '01QGDPG'),
(219026, '01QKLPG'),
(219026, '02PBVPG'),
(219026, '03AQJPG'),
(219026, '10BDAPG'),
(219028, '01NNENG'),
(219028, '09AQGNG'),
(219033, '01KSUPG'),
(219033, '01NBAPG'),
(219033, '01OVZPG'),
(219033, '01PCEPG'),
(219033, '01QYPPG'),
(219033, '02CIXPG'),
(219033, '03AQJPG'),
(219033, '03BYKPG'),
(219033, '09AQGPG'),
(219033, '10BDAPG'),
(219035, '01KSUPG'),
(219035, '01NBAPG'),
(219035, '01OVZPG'),
(219035, '01PCEPG'),
(219035, '01QYPPG'),
(219035, '02CIXPG'),
(219035, '03AQJPG'),
(219035, '03BYKPG'),
(219035, '09AQGPG'),
(219035, '10BDAPG'),
(219064, '01NBAPG'),
(219064, '01OVZPG'),
(219064, '01PDZPG'),
(219064, '01PQTPG'),
(219064, '01QGDPG'),
(219064, '01QYPPG'),
(219064, '02ANYPG'),
(219064, '10BDAPG'),
(219068, '01KSUPG'),
(219068, '01NBAPG'),
(219068, '01OVZPG'),
(219068, '02ANYPG'),
(219068, '03AQJPG'),
(219068, '03BNTPG'),
(219068, '09AQGPG'),
(219068, '10BDAPG'),
(219102, '01NBAPG'),
(219102, '01OVZPG'),
(219102, '01PDYPG'),
(219102, '01QYPPG'),
(219102, '02ANYPG'),
(219102, '02CIXPG'),
(219102, '03AQJPG'),
(219102, '09AQGPG'),
(219102, '10BDAPG'),
(219127, '01NBAPG'),
(219127, '01OVZPG'),
(219127, '01PCEPG'),
(219127, '03AQRPG'),
(219127, '05ENLPG'),
(219127, '10BDAPG'),
(219186, '01NBAPG'),
(219186, '01OVZPG'),
(219186, '01PDZPG'),
(219186, '01QGDPG'),
(219186, '09AQGPG'),
(219186, '10BDAPG'),
(219193, '05ENLND'),
(219202, '03BYKNE'),
(219276, '01NBAPG'),
(219276, '01OVZPG'),
(219276, '01PCEPG'),
(219276, '01QGDPG'),
(219276, '01QKLPG'),
(219276, '02PBVPG'),
(219276, '10BDAPG'),
(219281, '01KSUPG'),
(219281, '01NBAPG'),
(219281, '01OVZPG'),
(219281, '02CIXPG'),
(219281, '02PBVPG'),
(219281, '03AQJPG'),
(219281, '03BNTPG'),
(219281, '10BDAPG'),
(219374, '01NBAPG'),
(219374, '01OVZPG'),
(219374, '01QGDPG'),
(219374, '01QKLPG'),
(219374, '10BDAPG'),
(219382, '01NBAPG'),
(219382, '01OVZPG'),
(219382, '01PDZPG'),
(219382, '01PQTPG'),
(219382, '01QGDPG'),
(219382, '01QYPPG'),
(219382, '09AQGPG'),
(219382, '10BDAPG'),
(219619, '03BYKNE'),
(219662, '03BYKNE'),
(219669, '03BYKNE'),
(219693, '01NBAPG'),
(219693, '01OVZPG'),
(219693, '01PDZPG'),
(219693, '01QGDPG'),
(219693, '10BDAPG'),
(219696, '03BYKNE'),
(219702, '01KSUPG'),
(219702, '01NBAPG'),
(219702, '01OVZPG'),
(219702, '01PCEPG'),
(219702, '02ANYPG'),
(219702, '02CIXPG'),
(219702, '02PBVPG'),
(219702, '03AQJPG'),
(219702, '03BYKPG'),
(219702, '10BDAPG'),
(219704, '03BYKNE'),
(219723, '01KSUPG'),
(219723, '01NBAPG'),
(219723, '01OVZPG'),
(219723, '03BYKPG'),
(219723, '10BDAPG'),
(219724, '01NBAPG'),
(219724, '01OVZPG'),
(219724, '01PCEPG'),
(219724, '03AQRPG'),
(219724, '05ENLPG'),
(219724, '10BDAPG'),
(219725, '01NATPG'),
(219725, '01NBAPG'),
(219725, '01OVZPG'),
(219725, '10BDAPG'),
(219731, '01NBAPG'),
(219731, '01OVZPG'),
(219731, '01PCEPG'),
(219731, '01QGDPG'),
(219731, '01QKLPG'),
(219731, '10BDAPG'),
(219732, '01KSUPG'),
(219732, '01NBAPG'),
(219732, '01OVZPG'),
(219732, '03BNTPG'),
(219732, '10BDAPG'),
(219734, '01NBAPG'),
(219734, '01OVZPG'),
(219734, '01QGDPG'),
(219734, '01QKLPG'),
(219734, '10BDAPG'),
(219737, '01JEFPG'),
(219739, '01NBAPG'),
(219739, '01OVZPG'),
(219739, '01QGDPG'),
(219739, '01QKLPG'),
(219739, '02PBVPG'),
(219739, '10BDAPG'),
(219740, '01NBAPG'),
(219740, '01OVZPG'),
(219740, '01QGDPG'),
(219740, '01QKLPG'),
(219740, '10BDAPG'),
(219741, '01NATPG'),
(219741, '01NBAPG'),
(219741, '01OVZPG'),
(219741, '03AQJPG'),
(219741, '10BDAPG'),
(219743, '01KSUPG'),
(219743, '01NBAPG'),
(219743, '01OVZPG'),
(219743, '03AQJPG'),
(219743, '03BYKPG'),
(219743, '10BDAPG'),
(219744, '01KSUPG'),
(219744, '01NBAPG'),
(219744, '01OVZPG'),
(219744, '02ANYPG'),
(219744, '02CIXPG'),
(219744, '02PBVPG'),
(219744, '03AQJPG'),
(219744, '03BYKPG'),
(219744, '09AQGPG'),
(219744, '10BDAPG'),
(219747, '01NBAPG'),
(219747, '01OVZPG'),
(219747, '01PCEPG'),
(219747, '01QGDPG'),
(219747, '01QKLPG'),
(219747, '10BDAPG'),
(219752, '01JEFPG'),
(219752, '01KSUPG'),
(219752, '01NBAPG'),
(219752, '01OVZPG'),
(219752, '02ANYPG'),
(219752, '02CIXPG'),
(219752, '03BNTPG'),
(219752, '10BDAPG'),
(219754, '01NBAPG'),
(219754, '01OVZPG'),
(219754, '01PCEPG'),
(219754, '01QGDPG'),
(219754, '01QKLPG'),
(219754, '10BDAPG'),
(219755, '01JEFPG'),
(219755, '01KSUPG'),
(219755, '01NBAPG'),
(219755, '01OVZPG'),
(219755, '03BNTPG'),
(219755, '10BDAPG'),
(219756, '01OVZPG'),
(219756, '01PDYPG'),
(219756, '01QYPPG'),
(219756, '02ANYPG'),
(219756, '03AQJPG'),
(219756, '03BYKPG'),
(219756, '10BDAPG'),
(219758, '01NATPG'),
(219758, '01NBAPG'),
(219758, '01OVZPG'),
(219758, '10BDAPG'),
(219759, '01JEFPG'),
(219759, '01KSUPG'),
(219759, '01NBAPG'),
(219759, '01OVZPG'),
(219759, '03BNTPG'),
(219759, '10BDAPG'),
(219760, '01JEFPG'),
(219760, '01KSUPG'),
(219760, '01NBAPG'),
(219760, '01OVZPG'),
(219760, '03BNTPG'),
(219760, '10BDAPG'),
(219761, '01KSUPG'),
(219761, '01NBAPG'),
(219761, '01OVZPG'),
(219761, '01PCEPG'),
(219761, '01QYPPG'),
(219761, '02ANYPG'),
(219761, '02PBVPG'),
(219761, '03AQJPG'),
(219761, '03BYKPG'),
(219761, '09AQGPG'),
(219762, '01NBAPG'),
(219762, '01OVZPG'),
(219762, '01PDZPG'),
(219762, '01QGDPG'),
(219762, '03AQJPG'),
(219762, '10BDAPG'),
(219763, '01NATPG'),
(219763, '01NBAPG'),
(219763, '01OVZPG'),
(219763, '09AQGPG'),
(219763, '10BDAPG'),
(219764, '01JEFPG'),
(219764, '01KSUPG'),
(219764, '01NBAPG'),
(219764, '03BNTPG'),
(219764, '10BDAPG'),
(219765, '01KSUPG'),
(219765, '01NBAPG'),
(219765, '01OVZPG'),
(219765, '02PBVPG'),
(219765, '03BNTPG'),
(219765, '10BDAPG'),
(219767, '01NATPG'),
(219767, '01NBAPG'),
(219767, '01OVZPG'),
(219767, '03AQJPG'),
(219767, '10BDAPG'),
(219769, '01KSUPG'),
(219769, '01NBAPG'),
(219769, '01OVZPG'),
(219769, '03BYKPG'),
(219769, '10BDAPG'),
(219771, '01NBAPG'),
(219771, '01OVZPG'),
(219771, '01PCEPG'),
(219771, '01QGDPG'),
(219771, '01QKLPG'),
(219771, '10BDAPG'),
(219775, '01NATPG'),
(219775, '01NBAPG'),
(219775, '01OVZPG'),
(219775, '01QYPPG'),
(219775, '02ANYPG'),
(219775, '02PBVPG'),
(219775, '09AQGPG'),
(219775, '10BDAPG'),
(219776, '01NBAPG'),
(219776, '01OVZPG'),
(219776, '03AQRPG'),
(219776, '05ENLPG'),
(219776, '10BDAPG'),
(219778, '01NBAPG'),
(219778, '01OVZPG'),
(219778, '01PDZPG'),
(219778, '01QGDPG'),
(219778, '10BDAPG'),
(219781, '01NATPG'),
(219781, '01NBAPG'),
(219781, '01OVZPG'),
(219781, '10BDAPG'),
(219782, '01NBAPG'),
(219782, '01OVZPG'),
(219782, '01PDZPG'),
(219782, '01QGDPG'),
(219782, '10BDAPG'),
(219784, '01JEFPG'),
(219784, '01KSUPG'),
(219784, '01NBAPG'),
(219784, '01OVZPG'),
(219784, '03AQJPG'),
(219784, '03BNTPG'),
(219784, '10BDAPG'),
(219785, '01KSUPG'),
(219785, '01NBAPG'),
(219785, '01OVZPG'),
(219785, '03BNTPG'),
(219785, '10BDAPG'),
(219789, '01NBAPG'),
(219789, '01OVZPG'),
(219789, '01PDZPG'),
(219789, '01PQTPG'),
(219789, '01QGDPG'),
(219789, '02ANYPG'),
(219789, '03AQJPG'),
(219789, '09AQGPG'),
(219789, '10BDAPG'),
(219792, '05ENLND'),
(219793, '18AKSOA'),
(219794, '01KSUPG'),
(219794, '01NBAPG'),
(219794, '01OVZPG'),
(219794, '03AQJPG'),
(219794, '03BNTPG'),
(219794, '09AQGPG'),
(219794, '10BDAPG'),
(219797, '01KSUPG'),
(219797, '01NBAPG'),
(219797, '01OVZPG'),
(219797, '01QYPPG'),
(219797, '02ANYPG'),
(219797, '03AQJPG'),
(219797, '03BNTPG'),
(219797, '09AQGPG'),
(219797, '10BDAPG'),
(219799, '01NBAPG'),
(219799, '01OVZPG'),
(219799, '01PCEPG'),
(219799, '03AQJPG'),
(219799, '03AQRPG'),
(219799, '05ENLPG'),
(219799, '09AQGPG'),
(219799, '10BDAPG'),
(219815, '01NATPG'),
(219815, '01NBAPG'),
(219815, '01OVZPG'),
(219815, '03AQJPG'),
(219815, '10BDAPG'),
(219819, '01NATPG'),
(219819, '01NBAPG'),
(219819, '01OVZPG'),
(219819, '10BDAPG'),
(219821, '01JEFPG'),
(219821, '01KSUPG'),
(219821, '01NBAPG'),
(219821, '01OVZPG'),
(219821, '02ANYPG'),
(219821, '02PBVPG'),
(219821, '03BNTPG'),
(219821, '10BDAPG'),
(219822, '01NBAPG'),
(219822, '01OVZPG'),
(219822, '01PCEPG'),
(219822, '01QGDPG'),
(219822, '01QKLPG'),
(219822, '01QYPPG'),
(219822, '10BDAPG'),
(219826, '01NBAPG'),
(219826, '01OVZPG'),
(219826, '01PCEPG'),
(219826, '01QGDPG'),
(219826, '01QKLPG'),
(219826, '10BDAPG'),
(219828, '01KSUPG'),
(219828, '01NBAPG'),
(219828, '01OVZPG'),
(219828, '03BNTPG'),
(219828, '10BDAPG'),
(219835, '01KSUPG'),
(219835, '01NBAPG'),
(219835, '01OVZPG'),
(219835, '03BNTPG'),
(219835, '10BDAPG'),
(219837, '01JEFPG'),
(219837, '01KSUPG'),
(219837, '01NBAPG'),
(219837, '01OVZPG'),
(219837, '03BNTPG'),
(219837, '10BDAPG'),
(219841, '05ENLND'),
(219844, '01NBAPG'),
(219844, '01OVZPG'),
(219844, '01PCEPG'),
(219844, '01QGDPG'),
(219844, '01QKLPG'),
(219844, '01QYPPG'),
(219844, '02CIXPG'),
(219844, '10BDAPG'),
(219845, '01JEFPG'),
(219845, '01KSUPG'),
(219845, '01NBAPG'),
(219845, '01OVZPG'),
(219845, '03BNTPG'),
(219845, '10BDAPG'),
(219856, '01JEFPG'),
(219856, '01KSUPG'),
(219856, '01NBAPG'),
(219856, '01OVZPG'),
(219856, '01QGDPG'),
(219856, '02ANYPG'),
(219856, '02PBVPG'),
(219856, '09AQGPG'),
(219856, '10BDAPG'),
(219863, '01NBAPG'),
(219863, '01OVZPG'),
(219863, '01PCEPG'),
(219863, '02PBVPG'),
(219863, '03AQRPG'),
(219863, '05ENLPG'),
(219863, '10BDAPG'),
(219872, '01KSUPG'),
(219872, '01NBAPG'),
(219872, '01OVZPG'),
(219872, '02ANYPG'),
(219872, '03BNTPG'),
(219872, '10BDAPG'),
(219875, '05ENLND'),
(219876, '01NBAPG'),
(219876, '01OVZPG'),
(219876, '01PDZPG'),
(219876, '01QGDPG'),
(219876, '01QYPPG'),
(219876, '03AQJPG'),
(219876, '10BDAPG'),
(219878, '01KSUPG'),
(219878, '01NBAPG'),
(219878, '01OVZPG'),
(219878, '01PCEPG'),
(219878, '02PBVPG'),
(219878, '03AQJPG'),
(219878, '03BYKPG'),
(219878, '10BDAPG'),
(219884, '01JEFPG'),
(219884, '01KSUPG'),
(219884, '01NBAPG'),
(219884, '01OVZPG'),
(219884, '01QGDPG'),
(219884, '10BDAPG'),
(219886, '01NBAPG'),
(219886, '01OVZPG'),
(219886, '01PCEPG'),
(219886, '01QGDPG'),
(219886, '01QKLPG'),
(219886, '10BDAPG'),
(219896, '01JEFPG'),
(219896, '01KSUPG'),
(219896, '01NBAPG'),
(219896, '01OVZPG'),
(219896, '01QYPPG'),
(219896, '02CIXPG'),
(219896, '02PBVPG'),
(219896, '03AQJPG'),
(219896, '03BNTPG'),
(219896, '10BDAPG'),
(219907, '01JEFPG'),
(219907, '01KSUPG'),
(219907, '01NBAPG'),
(219907, '01OVZPG'),
(219907, '03BNTPG'),
(219907, '10BDAPG'),
(219919, '01NBAPG'),
(219919, '01OVZPG'),
(219919, '01PDZPG'),
(219919, '01QGDPG'),
(219919, '10BDAPG'),
(219922, '01NBAPG'),
(219922, '01OVZPG'),
(219922, '01PDYPG'),
(219922, '01QYPPG'),
(219922, '02ANYPG'),
(219922, '02CIXPG'),
(219922, '02PBVPG'),
(219922, '03AQRPG'),
(219922, '05ENLPG'),
(219922, '09AQGPG'),
(219933, '01NBAPG'),
(219933, '01OVZPG'),
(219933, '01PCEPG'),
(219933, '01QGDPG'),
(219933, '01QKLPG'),
(219933, '10BDAPG'),
(219940, '05ENLND'),
(219947, '01NBAPG'),
(219947, '01OVZPG'),
(219947, '01PDZPG'),
(219947, '01PQTPG'),
(219947, '01QGDPG'),
(219947, '10BDAPG'),
(219969, '05ENLND'),
(219986, '05ENLND'),
(219997, '01NATPG'),
(219997, '01NBAPG'),
(219997, '01OVZPG'),
(219997, '02PBVPG'),
(219997, '03AQJPG'),
(219997, '10BDAPG'),
(219999, '05ENLND'),
(220013, '01NBAPG'),
(220013, '01OVZPG'),
(220013, '01PDZPG'),
(220013, '01QGDPG'),
(220013, '03AQJPG'),
(220013, '10BDAPG'),
(220016, '01NBAPG'),
(220016, '01OVZPG'),
(220016, '01PDYPG'),
(220016, '03AQRPG'),
(220016, '05ENLPG'),
(220016, '09AQGPG'),
(220016, '10BDAPG'),
(220026, '05ENLND'),
(220028, '01KSUPG'),
(220028, '01NBAPG'),
(220028, '01OVZPG'),
(220028, '02ANYPG'),
(220028, '03BYKPG'),
(220028, '10BDAPG'),
(220029, '05ENLND'),
(220045, '05ENLND'),
(220048, '01NATPG'),
(220048, '01NBAPG'),
(220048, '01OVZPG'),
(220048, '01QYPPG'),
(220048, '02ANYPG'),
(220048, '10BDAPG'),
(220091, '03BYKNE'),
(220095, '03BYKNE'),
(220096, '01NBAPG'),
(220096, '01OVZPG'),
(220096, '01PCEPG'),
(220096, '01QGDPG'),
(220096, '01QKLPG'),
(220096, '02PBVPG'),
(220096, '09AQGPG'),
(220096, '10BDAPG'),
(220101, '03BYKNE'),
(220107, '05ENLND'),
(220114, '05ENLND'),
(220123, '01NATPG'),
(220123, '01NBAPG'),
(220123, '01OVZPG'),
(220123, '02PBVPG'),
(220123, '03AQJPG'),
(220123, '10BDAPG'),
(220153, '05ENLND'),
(220162, '01JEFPG'),
(220162, '01KSUPG'),
(220162, '01NBAPG'),
(220162, '01OVZPG'),
(220162, '03BNTPG'),
(220162, '10BDAPG'),
(220176, '05ENLND'),
(220178, '03BYKNE'),
(220189, '03BYKNE'),
(220199, '05ENLND'),
(220203, '03BYKNE'),
(220210, '03BYKNE'),
(220220, '01PDYPG'),
(220220, '02ANYPG'),
(220220, '03AQJPG'),
(220220, '09AQGPG'),
(220230, '01NBAPG'),
(220230, '01OVZPG'),
(220230, '01PDZPG'),
(220230, '01PQTPG'),
(220230, '01QGDPG'),
(220230, '10BDAPG'),
(220236, '01KSUPG'),
(220236, '01NBAPG'),
(220236, '01OVZPG'),
(220236, '02ANYPG'),
(220236, '02PBVPG'),
(220236, '03AQJPG'),
(220236, '03BNTPG'),
(220236, '10BDAPG'),
(220268, '01KSUPG'),
(220268, '01NBAPG'),
(220268, '01OVZPG'),
(220268, '03AQJPG'),
(220268, '03BYKPG'),
(220268, '10BDAPG'),
(220284, '01JEFPG'),
(220284, '01KSUPG'),
(220284, '01NBAPG'),
(220284, '01OVZPG'),
(220284, '01QYPPG'),
(220284, '02CIXPG'),
(220284, '03BNTPG'),
(220284, '10BDAPG'),
(220287, '03BYKNE'),
(220304, '01NBAPG'),
(220304, '01OVZPG'),
(220304, '01PCEPG'),
(220304, '01PDYPG'),
(220304, '01QGDPG'),
(220304, '01QKLPG'),
(220304, '10BDAPG'),
(220312, '01NATPG'),
(220312, '01NBAPG'),
(220312, '01OVZPG'),
(220312, '02ANYPG'),
(220312, '02CIXPG'),
(220312, '03AQJPG'),
(220312, '09AQGPG'),
(220312, '10BDAPG'),
(220314, '03BYKNE'),
(220326, '01NNENG'),
(220326, '01QGDNG'),
(220330, '03BYKNE'),
(220339, '02CIXPG'),
(220347, '01NBAPG'),
(220347, '01OVZPG'),
(220347, '02ANYPG'),
(220347, '02CIXPG'),
(220347, '02PBVPG'),
(220347, '03AQJPG'),
(220347, '09AQGPG'),
(220347, '10BDAPG'),
(220355, '03BYKNE'),
(220366, '02CIXPG'),
(220368, '02CIXPG'),
(220410, '01NBAPG'),
(220410, '01OVZPG'),
(220410, '03AQRPG'),
(220410, '05ENLPG'),
(220410, '10BDAPG'),
(220422, '01NNENG'),
(220424, '18AKSOA'),
(220460, '01NATPG'),
(220460, '01PDYPG'),
(220460, '02ANYPG'),
(220460, '02CIXPG'),
(220460, '02PBVPG'),
(220460, '03AQJPG'),
(220460, '09AQGPG'),
(220460, '10BDAPG'),
(220466, '01QGDNG'),
(220486, '03BYKNE'),
(220496, '03BYKNE'),
(220497, '01NNENG'),
(220497, '09AQGNG'),
(220510, '01NBAPG'),
(220510, '01OVZPG'),
(220510, '01PDZPG'),
(220510, '01QGDPG'),
(220510, '02ANYPG'),
(220510, '02CIXPG'),
(220510, '03AQJPG'),
(220510, '09AQGPG'),
(220510, '10BDAPG'),
(220535, '01NBAPG'),
(220535, '01OVZPG'),
(220535, '01PDYPG'),
(220535, '01QYPPG'),
(220535, '02ANYPG'),
(220535, '02CIXPG'),
(220535, '02PBVPG'),
(220535, '03AQJPG'),
(220535, '09AQGPG'),
(220535, '10BDAPG'),
(220536, '09AQGNG'),
(220540, '01NBAPG'),
(220540, '01OVZPG'),
(220540, '01PCEPG'),
(220540, '01QGDPG'),
(220540, '01QKLPG'),
(220540, '10BDAPG'),
(220545, '01KSUPG'),
(220545, '01NBAPG'),
(220545, '01OVZPG'),
(220545, '01QYPPG'),
(220545, '02PBVPG'),
(220545, '03BYKPG'),
(220545, '10BDAPG'),
(220548, '01KSUPG'),
(220548, '01NBAPG'),
(220548, '01OVZPG'),
(220548, '02PBVPG'),
(220548, '03AQJPG'),
(220548, '03BYKPG'),
(220548, '09AQGPG'),
(220548, '10BDAPG'),
(220563, '01NNENG'),
(220579, '03BYKNE'),
(220617, '02CIXPG'),
(220698, '03AQJPG'),
(220722, '01NBAPG'),
(220722, '01OVZPG'),
(220722, '01PDYPG'),
(220722, '01QYPPG'),
(220722, '02ANYPG'),
(220722, '02CIXPG'),
(220722, '02PBVPG'),
(220722, '03AQJPG'),
(220722, '09AQGPG'),
(220722, '10BDAPG'),
(220725, '01JEFPG'),
(220725, '01KSUPG'),
(220725, '01NBAPG'),
(220725, '01OVZPG'),
(220725, '02ANYPG'),
(220725, '02PBVPG'),
(220725, '03AQJPG'),
(220725, '03BNTPG'),
(220725, '09AQGPG'),
(220725, '10BDAPG'),
(220846, '03BYKNE'),
(220864, '01JEFPG'),
(220864, '01KSUPG'),
(220864, '01QYPPG'),
(220864, '02ANYPG'),
(220864, '02CIXPG'),
(220864, '02PBVPG'),
(220864, '03AQJPG'),
(220864, '03BNTPG'),
(220864, '09AQGPG'),
(220864, '10BDAPG'),
(220881, '01NBAPG'),
(220881, '01OVZPG'),
(220881, '01PCEPG'),
(220881, '01QYPPG'),
(220881, '02CIXPG'),
(220881, '03AQJPG'),
(220881, '03AQRPG'),
(220881, '05ENLPG'),
(220881, '10BDAPG'),
(220882, '01QYPPG'),
(220882, '05ENLND'),
(220883, '01NBAPG'),
(220883, '01OVZPG'),
(220883, '01PCEPG'),
(220883, '01QGDPG'),
(220883, '01QKLPG'),
(220883, '01QYPPG'),
(220883, '02CIXPG'),
(220883, '10BDAPG'),
(220889, '01NBAPG'),
(220889, '01OVZPG'),
(220889, '01PCEPG'),
(220889, '03AQJPG'),
(220889, '03AQRPG'),
(220889, '05ENLPG'),
(220889, '10BDAPG'),
(220890, '01NBAPG'),
(220890, '01OVZPG'),
(220890, '01PDZPG'),
(220890, '01PQTPG'),
(220890, '01QGDPG'),
(220890, '03AQJPG'),
(220890, '10BDAPG'),
(220891, '01JEFPG'),
(220891, '01KSUPG'),
(220891, '01NBAPG'),
(220891, '01OVZPG'),
(220891, '03AQJPG'),
(220891, '03BNTPG'),
(220891, '10BDAPG'),
(220894, '01KSUPG');
INSERT INTO `iscrizione` (`matricola`, `codins`) VALUES
(220894, '01NBAPG'),
(220894, '01OVZPG'),
(220894, '03BYKPG'),
(220894, '09AQGPG'),
(220894, '10BDAPG'),
(220898, '01QYPPG'),
(220900, '01NBAPG'),
(220900, '01OVZPG'),
(220900, '01PCEPG'),
(220900, '01PDYPG'),
(220900, '01QGDPG'),
(220900, '01QKLPG'),
(220900, '10BDAPG'),
(220905, '01KSUPG'),
(220905, '01NBAPG'),
(220905, '01OVZPG'),
(220905, '01PCEPG'),
(220905, '02ANYPG'),
(220905, '02PBVPG'),
(220905, '03AQJPG'),
(220905, '03BYKPG'),
(220905, '10BDAPG'),
(220906, '01KSUPG'),
(220906, '01NBAPG'),
(220906, '01OVZPG'),
(220906, '03BYKPG'),
(220906, '10BDAPG'),
(220912, '01JEFPG'),
(220912, '01KSUPG'),
(220912, '01NBAPG'),
(220912, '01OVZPG'),
(220912, '03BNTPG'),
(220912, '09AQGPG'),
(220912, '10BDAPG'),
(220919, '05ENLND'),
(220920, '01NATPG'),
(220920, '01NBAPG'),
(220920, '01OVZPG'),
(220920, '02PBVPG'),
(220920, '03AQJPG'),
(220920, '10BDAPG'),
(220921, '01NBAPG'),
(220921, '01OVZPG'),
(220921, '01PCEPG'),
(220921, '01QGDPG'),
(220921, '01QKLPG'),
(220921, '03AQJPG'),
(220921, '09AQGPG'),
(220921, '10BDAPG'),
(220924, '01JEFPG'),
(220924, '01KSUPG'),
(220924, '01NBAPG'),
(220924, '01OVZPG'),
(220924, '01QYPPG'),
(220924, '02PBVPG'),
(220924, '03AQJPG'),
(220924, '03BNTPG'),
(220924, '10BDAPG'),
(220934, '01JEFPG'),
(220934, '01KSUPG'),
(220934, '01NBAPG'),
(220934, '01OVZPG'),
(220934, '02PBVPG'),
(220934, '03AQJPG'),
(220934, '03BNTPG'),
(220934, '10BDAPG'),
(220950, '05ENLND'),
(220954, '01NBAPG'),
(220954, '01OVZPG'),
(220954, '01PCEPG'),
(220954, '01QGDPG'),
(220954, '01QKLPG'),
(220954, '02ANYPG'),
(220954, '02CIXPG'),
(220954, '10BDAPG'),
(220959, '03AQRPG'),
(220960, '01JEFPG'),
(220960, '01KSUPG'),
(220960, '01NBAPG'),
(220960, '01OVZPG'),
(220960, '02ANYPG'),
(220960, '02PBVPG'),
(220960, '03AQJPG'),
(220960, '03BNTPG'),
(220960, '10BDAPG'),
(220961, '01KSUPG'),
(220961, '01NBAPG'),
(220961, '01OVZPG'),
(220961, '02PBVPG'),
(220961, '03BYKPG'),
(220961, '10BDAPG'),
(220965, '01KSUPG'),
(220965, '01NBAPG'),
(220965, '01OVZPG'),
(220965, '02PBVPG'),
(220965, '03BNTPG'),
(220965, '10BDAPG'),
(220966, '03AQRPG'),
(220981, '01NBAPG'),
(220981, '01NNEPG'),
(220981, '01OVZPG'),
(220981, '02ANYPG'),
(220981, '02HEFPG'),
(220981, '02PBVPG'),
(220981, '03AQJPG'),
(220981, '09AQGPG'),
(220981, '10BDAPG'),
(220981, '19AKSPG'),
(220988, '01NBAPG'),
(220988, '01OVZPG'),
(220988, '01QGDPG'),
(220988, '01QKLPG'),
(220988, '10BDAPG'),
(220992, '18AKSOA'),
(220998, '01JEFPG'),
(220998, '01KSUPG'),
(220998, '01NBAPG'),
(220998, '01OVZPG'),
(220998, '03BNTPG'),
(220998, '10BDAPG'),
(221000, '01NNENG'),
(221000, '01QGDNG'),
(221016, '01NNENG'),
(221016, '01QGDNG'),
(221016, '09AQGNG'),
(221018, '05ENLND'),
(221034, '01QGDNG'),
(221035, '01NATPG'),
(221035, '01OVZPG'),
(221035, '01QYPPG'),
(221035, '02CIXPG'),
(221035, '02PBVPG'),
(221035, '03AQJPG'),
(221035, '09AQGPG'),
(221035, '10BDAPG'),
(221043, '01QGDNG'),
(221043, '02CIXPG'),
(221083, '03BYKNE'),
(221097, '03BYKNE'),
(221176, '01QGDNG'),
(221214, '03BYKNE'),
(221228, '01NATPG'),
(221228, '01NBAPG'),
(221228, '01OVZPG'),
(221228, '02PBVPG'),
(221228, '10BDAPG'),
(221351, '01NATPG'),
(221351, '01NBAPG'),
(221351, '01OVZPG'),
(221351, '03AQJPG'),
(221351, '09AQGPG'),
(221351, '10BDAPG'),
(221363, '01NATPG'),
(221363, '01NBAPG'),
(221363, '01OVZPG'),
(221363, '01QYPPG'),
(221363, '02CIXPG'),
(221363, '10BDAPG'),
(221438, '01NATPG'),
(221438, '01NBAPG'),
(221438, '01OVZPG'),
(221438, '01QYPPG'),
(221438, '02CIXPG'),
(221438, '02PBVPG'),
(221438, '09AQGPG'),
(221438, '10BDAPG'),
(221450, '01NBAPG'),
(221450, '01OVZPG'),
(221450, '01PDZPG'),
(221450, '01QGDPG'),
(221450, '02CIXPG'),
(221450, '02PBVPG'),
(221450, '09AQGPG'),
(221450, '10BDAPG'),
(221487, '01NATPG'),
(221487, '01NBAPG'),
(221487, '01OVZPG'),
(221487, '01QYPPG'),
(221487, '02CIXPG'),
(221487, '03AQJPG'),
(221487, '09AQGPG'),
(221487, '10BDAPG'),
(221509, '03BYKNE'),
(221510, '01KSUPG'),
(221510, '01NBAPG'),
(221510, '01OVZPG'),
(221510, '02CIXPG'),
(221510, '02PBVPG'),
(221510, '03BYKPG'),
(221510, '09AQGPG'),
(221510, '10BDAPG'),
(221511, '03BYKNE'),
(221521, '03BYKNE'),
(221588, '03BYKNE'),
(221611, '01JEFPG'),
(221611, '01KSUPG'),
(221611, '01NBAPG'),
(221611, '01OVZPG'),
(221611, '02CIXPG'),
(221611, '02PBVPG'),
(221611, '03AQJPG'),
(221611, '03BNTPG'),
(221611, '09AQGPG'),
(221611, '10BDAPG'),
(221620, '01KSUPG'),
(221620, '01NBAPG'),
(221620, '01OVZPG'),
(221620, '02CIXPG'),
(221620, '02PBVPG'),
(221620, '03BNTPG'),
(221620, '09AQGPG'),
(221620, '10BDAPG'),
(221634, '01NBAPG'),
(221634, '01OVZPG'),
(221634, '01PCEPG'),
(221634, '01QGDPG'),
(221634, '01QKLPG'),
(221634, '02CIXPG'),
(221634, '02PBVPG'),
(221634, '03AQJPG'),
(221634, '09AQGPG'),
(221634, '10BDAPG'),
(221647, '01JEFPG'),
(221647, '01KSUPG'),
(221647, '01NBAPG'),
(221647, '01OVZPG'),
(221647, '02CIXPG'),
(221647, '02PBVPG'),
(221647, '03AQJPG'),
(221647, '03BNTPG'),
(221647, '09AQGPG'),
(221647, '10BDAPG'),
(221726, '01JEFPG'),
(221726, '01KSUPG'),
(221726, '01NBAPG'),
(221726, '01OVZPG'),
(221726, '01QYPPG'),
(221726, '02CIXPG'),
(221726, '02PBVPG'),
(221726, '03AQJPG'),
(221726, '03BNTPG'),
(221726, '10BDAPG'),
(221739, '01JEFPG'),
(221739, '01KSUPG'),
(221739, '01NBAPG'),
(221739, '01OVZPG'),
(221739, '02CIXPG'),
(221739, '02PBVPG'),
(221739, '03AQJPG'),
(221739, '03BNTPG'),
(221739, '10BDAPG'),
(221767, '05ENLND'),
(221807, '01KSUPG'),
(221807, '01NBAPG'),
(221807, '01OVZPG'),
(221807, '02ANYPG'),
(221807, '02CIXPG'),
(221807, '02PBVPG'),
(221807, '03AQJPG'),
(221807, '03BYKPG'),
(221807, '09AQGPG'),
(221807, '10BDAPG'),
(221815, '03BYKNE'),
(221822, '01JEFPG'),
(221822, '01KSUPG'),
(221822, '01NBAPG'),
(221822, '01OVZPG'),
(221822, '02CIXPG'),
(221822, '02PBVPG'),
(221822, '03BNTPG'),
(221822, '09AQGPG'),
(221822, '10BDAPG'),
(221830, '01NBAPG'),
(221830, '01OVZPG'),
(221830, '01PDZPG'),
(221830, '01QGDPG'),
(221830, '10BDAPG'),
(221831, '01NBAPG'),
(221831, '01OVZPG'),
(221831, '01PDZPG'),
(221831, '01PQTPG'),
(221831, '01QGDPG'),
(221831, '03AQJPG'),
(221831, '10BDAPG'),
(221834, '01NATPG'),
(221834, '01NBAPG'),
(221834, '01OVZPG'),
(221834, '02CIXPG'),
(221834, '02PBVPG'),
(221834, '09AQGPG'),
(221834, '10BDAPG'),
(221838, '01NBAPG'),
(221838, '01OVZPG'),
(221838, '01QGDPG'),
(221838, '01QKLPG'),
(221838, '02CIXPG'),
(221838, '02PBVPG'),
(221838, '09AQGPG'),
(221838, '10BDAPG'),
(221839, '01JEFPG'),
(221839, '01KSUPG'),
(221839, '01NBAPG'),
(221839, '01OVZPG'),
(221839, '02CIXPG'),
(221839, '02PBVPG'),
(221839, '03AQJPG'),
(221839, '03BNTPG'),
(221839, '10BDAPG'),
(221846, '01NBAPG'),
(221846, '01OVZPG'),
(221846, '01QGDPG'),
(221846, '01QKLPG'),
(221846, '02PBVPG'),
(221846, '09AQGPG'),
(221846, '10BDAPG'),
(221847, '01NBAPG'),
(221847, '01OVZPG'),
(221847, '01QGDPG'),
(221847, '01QKLPG'),
(221847, '02PBVPG'),
(221847, '10BDAPG'),
(221848, '01NATPG'),
(221848, '01OVZPG'),
(221848, '01QYPPG'),
(221848, '02ANYPG'),
(221848, '02CIXPG'),
(221848, '02PBVPG'),
(221848, '03AQJPG'),
(221848, '09AQGPG'),
(221848, '10BDAPG'),
(221854, '01KSUPG'),
(221854, '01NBAPG'),
(221854, '01OVZPG'),
(221854, '01PDYPG'),
(221854, '02PBVPG'),
(221854, '03AQJPG'),
(221854, '03BNTPG'),
(221854, '10BDAPG'),
(221855, '01KSUPG'),
(221855, '01NBAPG'),
(221855, '01OVZPG'),
(221855, '02PBVPG'),
(221855, '03BNTPG'),
(221855, '10BDAPG'),
(221857, '01JEFPG'),
(221857, '01KSUPG'),
(221857, '01NBAPG'),
(221857, '01OVZPG'),
(221857, '02CIXPG'),
(221857, '02PBVPG'),
(221857, '03BNTPG'),
(221857, '09AQGPG'),
(221857, '10BDAPG'),
(221858, '01JEFPG'),
(221858, '01KSUPG'),
(221858, '01NBAPG'),
(221858, '01OVZPG'),
(221858, '02CIXPG'),
(221858, '02PBVPG'),
(221858, '03AQJPG'),
(221858, '03BNTPG'),
(221858, '09AQGPG'),
(221858, '10BDAPG'),
(221860, '01JEFPG'),
(221860, '01KSUPG'),
(221860, '01NBAPG'),
(221860, '01OVZPG'),
(221860, '01PDYPG'),
(221860, '02ANYPG'),
(221860, '02CIXPG'),
(221860, '02PBVPG'),
(221860, '09AQGPG'),
(221860, '10BDAPG'),
(221862, '01NBAPG'),
(221862, '01OVZPG'),
(221862, '01PCEPG'),
(221862, '02CIXPG'),
(221862, '02PBVPG'),
(221862, '03AQJPG'),
(221862, '03AQRPG'),
(221862, '05ENLPG'),
(221862, '09AQGPG'),
(221862, '10BDAPG'),
(221870, '05ENLND'),
(221872, '01NBAPG'),
(221872, '01OVZPG'),
(221872, '01PDYPG'),
(221872, '01QYPPG'),
(221872, '02CIXPG'),
(221872, '02PBVPG'),
(221872, '03AQJPG'),
(221872, '09AQGPG'),
(221872, '10BDAPG'),
(221875, '01NBAPG'),
(221875, '01PCEPG'),
(221875, '01QYPPG'),
(221875, '02CIXPG'),
(221875, '02PBVPG'),
(221875, '03AQJPG'),
(221875, '03AQRPG'),
(221875, '05ENLPG'),
(221875, '09AQGPG'),
(221875, '10BDAPG'),
(221879, '01KSUPG'),
(221879, '01NBAPG'),
(221879, '01OVZPG'),
(221879, '01PDYPG'),
(221879, '02CIXPG'),
(221879, '02PBVPG'),
(221879, '03BNTPG'),
(221879, '10BDAPG'),
(221882, '01JEFPG'),
(221882, '01KSUPG'),
(221882, '01NBAPG'),
(221882, '01OVZPG'),
(221882, '02CIXPG'),
(221882, '02PBVPG'),
(221882, '03AQJPG'),
(221882, '03BNTPG'),
(221882, '09AQGPG'),
(221882, '10BDAPG'),
(221883, '01KSUPG'),
(221883, '01OVZPG'),
(221883, '01PDYPG'),
(221883, '02ANYPG'),
(221883, '02CIXPG'),
(221883, '02PBVPG'),
(221883, '03AQJPG'),
(221883, '03BNTPG'),
(221883, '09AQGPG'),
(221883, '10BDAPG'),
(221884, '01KSUPG'),
(221884, '01NBAPG'),
(221884, '01OVZPG'),
(221884, '02CIXPG'),
(221884, '02PBVPG'),
(221884, '03BNTPG'),
(221884, '09AQGPG'),
(221884, '10BDAPG'),
(221887, '01NBAPG'),
(221887, '01OVZPG'),
(221887, '01QYPPG'),
(221887, '02CIXPG'),
(221887, '02PBVPG'),
(221887, '03AQRPG'),
(221887, '05ENLPG'),
(221887, '10BDAPG'),
(221888, '01NATPG'),
(221888, '01NBAPG'),
(221888, '01OVZPG'),
(221888, '02CIXPG'),
(221888, '02PBVPG'),
(221888, '09AQGPG'),
(221888, '10BDAPG'),
(221889, '01KSUPG'),
(221889, '01NBAPG'),
(221889, '01OVZPG'),
(221889, '03BNTPG'),
(221889, '10BDAPG'),
(221891, '01KSUPG'),
(221891, '01NBAPG'),
(221891, '01OVZPG'),
(221891, '02PBVPG'),
(221891, '03BNTPG'),
(221891, '10BDAPG'),
(221892, '01KSUPG'),
(221892, '01NBAPG'),
(221892, '01OVZPG'),
(221892, '01QYPPG'),
(221892, '02PBVPG'),
(221892, '03AQJPG'),
(221892, '03BNTPG'),
(221892, '10BDAPG'),
(221895, '01NBAPG'),
(221895, '01OVZPG'),
(221895, '01PDZPG'),
(221895, '01PQTPG'),
(221895, '01QGDPG'),
(221895, '02PBVPG'),
(221895, '09AQGPG'),
(221895, '10BDAPG'),
(221898, '01NBAPG'),
(221898, '01OVZPG'),
(221898, '01PDYPG'),
(221898, '02CIXPG'),
(221898, '02PBVPG'),
(221898, '03AQJPG'),
(221898, '03AQRPG'),
(221898, '05ENLPG'),
(221898, '09AQGPG'),
(221898, '10BDAPG'),
(221899, '05ENLND'),
(221901, '01JEFPG'),
(221901, '01KSUPG'),
(221901, '01NBAPG'),
(221901, '01OVZPG'),
(221901, '02PBVPG'),
(221901, '03BNTPG'),
(221901, '10BDAPG'),
(221904, '01NATPG'),
(221904, '01NBAPG'),
(221904, '01OVZPG'),
(221904, '02PBVPG'),
(221904, '09AQGPG'),
(221904, '10BDAPG'),
(221905, '01NATPG'),
(221905, '01NBAPG'),
(221905, '01OVZPG'),
(221905, '02CIXPG'),
(221905, '02PBVPG'),
(221905, '09AQGPG'),
(221905, '10BDAPG'),
(221915, '05ENLND'),
(221918, '01KSUPG'),
(221918, '01NBAPG'),
(221918, '01OVZPG'),
(221918, '02PBVPG'),
(221918, '03AQJPG'),
(221918, '03BYKPG'),
(221918, '10BDAPG'),
(221920, '01KSUPG'),
(221920, '01NBAPG'),
(221920, '01OVZPG'),
(221920, '02ANYPG'),
(221920, '02CIXPG'),
(221920, '02PBVPG'),
(221920, '03BNTPG'),
(221920, '09AQGPG'),
(221920, '10BDAPG'),
(221926, '01NBAPG'),
(221926, '01OVZPG'),
(221926, '01PDZPG'),
(221926, '01PQTPG'),
(221926, '01QGDPG'),
(221926, '02CIXPG'),
(221926, '02PBVPG'),
(221926, '09AQGPG'),
(221926, '10BDAPG'),
(221929, '05ENLND'),
(221930, '05ENLND'),
(221939, '01KSUPG'),
(221939, '01NBAPG'),
(221939, '01OVZPG'),
(221939, '01PCEPG'),
(221939, '02ANYPG'),
(221939, '02PBVPG'),
(221939, '03AQJPG'),
(221939, '03BYKPG'),
(221939, '10BDAPG'),
(221940, '05ENLND'),
(221949, '05ENLND'),
(221958, '01JEFPG'),
(221958, '01KSUPG'),
(221958, '01NBAPG'),
(221958, '01OVZPG'),
(221958, '02CIXPG'),
(221958, '02PBVPG'),
(221958, '03BNTPG'),
(221958, '09AQGPG'),
(221958, '10BDAPG'),
(221973, '01NBAPG'),
(221973, '01OVZPG'),
(221973, '01PCEPG'),
(221973, '01QGDPG'),
(221973, '01QKLPG'),
(221973, '02CIXPG'),
(221973, '02PBVPG'),
(221973, '09AQGPG'),
(221973, '10BDAPG'),
(221978, '01NATPG'),
(221978, '01NBAPG'),
(221978, '01OVZPG'),
(221978, '02CIXPG'),
(221978, '02PBVPG'),
(221978, '09AQGPG'),
(221978, '10BDAPG'),
(221983, '01JEFPG'),
(221983, '01KSUPG'),
(221983, '01OVZPG'),
(221983, '01QYPPG'),
(221983, '02CIXPG'),
(221983, '02PBVPG'),
(221983, '03BNTPG'),
(221983, '09AQGPG'),
(221983, '10BDAPG'),
(221988, '05ENLND'),
(221989, '01NBAPG'),
(221989, '01OVZPG'),
(221989, '01PDZPG'),
(221989, '01QGDPG'),
(221989, '02ANYPG'),
(221989, '02CIXPG'),
(221989, '02PBVPG'),
(221989, '10BDAPG'),
(222005, '01NBAPG'),
(222005, '01OVZPG'),
(222005, '01PDZPG'),
(222005, '01QGDPG'),
(222005, '02ANYPG'),
(222005, '02CIXPG'),
(222005, '02PBVPG'),
(222005, '03AQJPG'),
(222005, '09AQGPG'),
(222005, '10BDAPG'),
(222006, '01NATPG'),
(222006, '01NBAPG'),
(222006, '01OVZPG'),
(222006, '02CIXPG'),
(222006, '02PBVPG'),
(222006, '03AQJPG'),
(222006, '09AQGPG'),
(222006, '10BDAPG'),
(222022, '01PCEPG'),
(222022, '05ENLND'),
(222025, '01JEFPG'),
(222025, '01KSUPG'),
(222025, '01NBAPG'),
(222025, '01OVZPG'),
(222025, '02PBVPG'),
(222025, '03BNTPG'),
(222025, '09AQGPG'),
(222025, '10BDAPG'),
(222034, '01PCEPG'),
(222034, '01PDYPG'),
(222034, '01QGDPG'),
(222034, '01QYPPG'),
(222034, '02ANYPG'),
(222034, '02CIXPG'),
(222034, '02PBVPG'),
(222034, '03AQJPG'),
(222034, '09AQGPG'),
(222034, '10BDAPG'),
(222037, '03BYKNE'),
(222050, '03BYKNE'),
(222065, '05ENLND'),
(222068, '03BYKNE'),
(222070, '05ENLND'),
(222095, '03BYKNE'),
(222139, '01JEFPG'),
(222139, '01KSUPG'),
(222139, '01OVZPG'),
(222139, '02ANYPG'),
(222139, '02CIXPG'),
(222139, '02PBVPG'),
(222139, '03AQJPG'),
(222139, '03BNTPG'),
(222139, '09AQGPG'),
(222139, '10BDAPG'),
(222145, '01NBAPG'),
(222145, '01OVZPG'),
(222145, '01PDYPG'),
(222145, '01QGDPG'),
(222145, '01QKLPG'),
(222145, '01QYPPG'),
(222145, '02ANYPG'),
(222145, '02PBVPG'),
(222145, '09AQGPG'),
(222145, '10BDAPG'),
(222157, '03BYKNE'),
(222167, '03BYKNE'),
(222191, '05ENLND'),
(222216, '01NBAPG'),
(222216, '01OVZPG'),
(222216, '01QYPPG'),
(222216, '02ANYPG'),
(222216, '02CIXPG'),
(222216, '02PBVPG'),
(222216, '03AQJPG'),
(222216, '03BYKPG'),
(222216, '09AQGPG'),
(222216, '10BDAPG'),
(222230, '01QGDNG'),
(222230, '02PBVPG'),
(222230, '09AQGPG'),
(222232, '09AQGNG'),
(222235, '01KSUPG'),
(222235, '01NBAPG'),
(222235, '01OVZPG'),
(222235, '02ANYPG'),
(222235, '02CIXPG'),
(222235, '02PBVPG'),
(222235, '03AQJPG'),
(222235, '03BNTPG'),
(222235, '09AQGPG'),
(222235, '10BDAPG'),
(222244, '01OVZPG'),
(222244, '01QYPPG'),
(222244, '02ANYPG'),
(222244, '02CIXPG'),
(222244, '02PBVPG'),
(222244, '03AQJPG'),
(222244, '09AQGPG'),
(222278, '01JEFPG'),
(222278, '01KSUPG'),
(222278, '01NBAPG'),
(222278, '01QYPPG'),
(222278, '02ANYPG'),
(222278, '02CIXPG'),
(222278, '02PBVPG'),
(222278, '03AQJPG'),
(222278, '09AQGPG'),
(222278, '10BDAPG'),
(222295, '01QGDNG'),
(222300, '01NBAPG'),
(222300, '01OVZPG'),
(222300, '01PDZPG'),
(222300, '01QGDPG'),
(222300, '02ANYPG'),
(222300, '02PBVPG'),
(222300, '03AQJPG'),
(222300, '09AQGPG'),
(222300, '10BDAPG'),
(222303, '01NATPG'),
(222303, '01NBAPG'),
(222303, '01OVZPG'),
(222303, '01QYPPG'),
(222303, '02CIXPG'),
(222303, '03AQJPG'),
(222303, '09AQGPG'),
(222303, '10BDAPG'),
(222308, '01JEFPG'),
(222308, '01KSUPG'),
(222308, '01NBAPG'),
(222308, '01OVZPG'),
(222308, '02CIXPG'),
(222308, '02PBVPG'),
(222308, '03AQJPG'),
(222308, '03BNTPG'),
(222308, '09AQGPG'),
(222308, '10BDAPG'),
(222320, '01PDZPG'),
(222320, '09AQGNG'),
(222335, '01JEFPG'),
(222335, '01KSUPG'),
(222335, '01NBAPG'),
(222335, '01QYPPG'),
(222335, '02ANYPG'),
(222335, '02PBVPG'),
(222335, '03AQJPG'),
(222335, '03BNTPG'),
(222335, '09AQGPG'),
(222335, '10BDAPG'),
(222342, '03BYKNE'),
(222355, '01JEFPG'),
(222355, '01KSUPG'),
(222355, '01NBAPG'),
(222355, '01OVZPG'),
(222355, '02PBVPG'),
(222355, '03AQJPG'),
(222355, '03BNTPG'),
(222355, '09AQGPG'),
(222355, '10BDAPG'),
(222388, '01KSUPG'),
(222388, '01NBAPG'),
(222388, '01PCEPG'),
(222388, '02ANYPG'),
(222388, '02CIXPG'),
(222388, '02PBVPG'),
(222388, '03AQJPG'),
(222388, '03BYKPG'),
(222388, '09AQGPG'),
(222388, '10BDAPG'),
(222395, '01NBAPG'),
(222395, '01NNEPG'),
(222395, '01OVZPG'),
(222395, '01PDYPG'),
(222395, '01QYPPG'),
(222395, '02ANYPG'),
(222395, '02CIXPG'),
(222395, '02PBVPG'),
(222395, '09AQGPG'),
(222395, '10BDAPG'),
(222399, '01NBAPG'),
(222399, '09AQGNG'),
(222447, '01NBAPG'),
(222447, '01OVZPG'),
(222447, '01PDZPG'),
(222447, '01QGDPG'),
(222447, '01QYPPG'),
(222447, '02CIXPG'),
(222447, '02PBVPG'),
(222447, '03AQJPG'),
(222447, '09AQGPG'),
(222447, '10BDAPG'),
(223502, '01PDYPG'),
(223502, '01QYPPG'),
(223502, '02ANYPG'),
(223502, '02CIXPG'),
(223502, '02PBVPG'),
(223502, '03AQJPG'),
(223502, '09AQGPG'),
(223609, '01PDYPG'),
(223609, '01QYPPG'),
(223609, '02ANYPG'),
(223609, '02CIXPG'),
(223609, '02PBVPG'),
(223609, '03AQJPG'),
(223609, '09AQGPG'),
(223611, '01PDYPG'),
(223611, '01QYPPG'),
(223611, '02ANYPG'),
(223611, '02CIXPG'),
(223611, '02PBVPG'),
(223611, '03AQJPG'),
(223611, '09AQGPG'),
(223642, '01PDYPG'),
(223642, '01QYPPG'),
(223642, '02ANYPG'),
(223642, '02CIXPG'),
(223642, '02PBVPG'),
(223642, '03AQJPG'),
(223642, '09AQGPG'),
(223668, '01OVZPG'),
(223668, '01PDYPG'),
(223668, '01QYPPG'),
(223668, '02ANYPG'),
(223668, '02CIXPG'),
(223668, '02PBVPG'),
(223668, '03AQJPG'),
(223668, '09AQGPG'),
(223707, '05ENLND'),
(223731, '01PDYPG'),
(223731, '01QYPPG'),
(223731, '02ANYPG'),
(223731, '02CIXPG'),
(223731, '02PBVPG'),
(223731, '03AQJPG'),
(223731, '09AQGPG'),
(223756, '01NATPG'),
(223756, '01NBAPG'),
(223756, '01OVZPG'),
(223756, '01PDYPG'),
(223756, '01QYPPG'),
(223756, '02ANYPG'),
(223756, '02PBVPG'),
(223756, '03AQJPG'),
(223756, '10BDAPG'),
(223814, '01KSUPG'),
(223814, '01QYPPG'),
(223824, '01PDYPG'),
(223824, '01QYPPG'),
(223824, '02ANYPG'),
(223824, '02CIXPG'),
(223824, '02PBVPG'),
(223824, '03AQJPG'),
(223824, '09AQGPG'),
(223908, '01PDYPG'),
(223908, '01QYPPG'),
(223908, '02ANYPG'),
(223908, '02CIXPG'),
(223908, '02PBVPG'),
(223908, '03AQJPG'),
(223908, '09AQGPG'),
(223958, '01PDYPG'),
(223958, '01QYPPG'),
(223958, '02CIXPG'),
(223958, '09AQGPG'),
(224033, '01PDYPG'),
(224033, '01QYPPG'),
(224033, '02ANYPG'),
(224033, '02CIXPG'),
(224033, '02PBVPG'),
(224033, '03AQJPG'),
(224033, '09AQGPG'),
(224047, '01PDYPG'),
(224047, '01QYPPG'),
(224047, '02ANYPG'),
(224047, '02CIXPG'),
(224047, '02PBVPG'),
(224047, '03AQJPG'),
(224047, '09AQGPG'),
(224048, '01PDYPG'),
(224048, '01QYPPG'),
(224048, '02ANYPG'),
(224048, '02CIXPG'),
(224048, '02PBVPG'),
(224048, '03AQJPG'),
(224048, '09AQGPG'),
(224055, '01PDYPG'),
(224055, '01QYPPG'),
(224055, '02ANYPG'),
(224055, '02CIXPG'),
(224055, '02PBVPG'),
(224055, '03AQJPG'),
(224055, '09AQGPG'),
(224099, '01QYPPG'),
(224166, '01NBAPG'),
(224166, '01OVZPG'),
(224166, '01PDYPG'),
(224166, '01QYPPG'),
(224166, '02ANYPG'),
(224166, '02CIXPG'),
(224166, '02PBVPG'),
(224166, '03AQJPG'),
(224166, '09AQGPG'),
(224166, '10BDAPG'),
(224172, '01PDYPG'),
(224172, '01QYPPG'),
(224172, '02ANYPG'),
(224172, '02CIXPG'),
(224172, '02PBVPG'),
(224172, '03AQJPG'),
(224172, '09AQGPG'),
(224190, '01PDYPG'),
(224190, '01QYPPG'),
(224190, '02ANYPG'),
(224190, '02CIXPG'),
(224190, '02PBVPG'),
(224190, '03AQJPG'),
(224190, '09AQGPG'),
(224191, '01PDYPG'),
(224191, '01QYPPG'),
(224191, '02ANYPG'),
(224191, '02CIXPG'),
(224191, '02PBVPG'),
(224191, '03AQJPG'),
(224191, '09AQGPG'),
(224193, '01NBAPG'),
(224193, '01OVZPG'),
(224193, '01PDYPG'),
(224193, '01QYPPG'),
(224193, '02ANYPG'),
(224193, '02CIXPG'),
(224193, '02PBVPG'),
(224193, '03AQJPG'),
(224193, '09AQGPG'),
(224199, '01PDYPG'),
(224199, '01QYPPG'),
(224199, '02ANYPG'),
(224199, '02CIXPG'),
(224199, '02PBVPG'),
(224199, '03AQJPG'),
(224199, '09AQGPG'),
(224202, '01NBAPG'),
(224202, '01PDYPG'),
(224202, '01QYPPG'),
(224202, '02ANYPG'),
(224202, '02CIXPG'),
(224202, '02PBVPG'),
(224202, '03AQJPG'),
(224202, '03BYKPG'),
(224202, '09AQGPG'),
(224202, '10BDAPG'),
(224218, '01OVZPG'),
(224218, '01PDYPG'),
(224218, '01QYPPG'),
(224218, '02ANYPG'),
(224218, '02CIXPG'),
(224218, '02PBVPG'),
(224218, '03AQJPG'),
(224218, '09AQGPG'),
(224284, '01PDYPG'),
(224284, '01QYPPG'),
(224284, '02ANYPG'),
(224284, '02CIXPG'),
(224284, '02PBVPG'),
(224284, '03AQJPG'),
(224284, '09AQGPG'),
(224310, '01PDYPG'),
(224310, '01QYPPG'),
(224310, '02ANYPG'),
(224310, '02CIXPG'),
(224310, '02PBVPG'),
(224310, '03AQJPG'),
(224310, '09AQGPG'),
(224316, '01PDYPG'),
(224316, '01QYPPG'),
(224316, '02ANYPG'),
(224316, '02CIXPG'),
(224316, '02PBVPG'),
(224316, '03AQJPG'),
(224316, '09AQGPG'),
(224357, '01PDYPG'),
(224357, '01QYPPG'),
(224357, '02ANYPG'),
(224357, '02CIXPG'),
(224357, '02PBVPG'),
(224357, '03AQJPG'),
(224357, '09AQGPG'),
(224384, '01PDYPG'),
(224384, '01QYPPG'),
(224384, '02ANYPG'),
(224384, '02CIXPG'),
(224384, '02PBVPG'),
(224384, '03AQJPG'),
(224384, '09AQGPG'),
(224418, '01PDYPG'),
(224418, '01QYPPG'),
(224418, '02ANYPG'),
(224418, '02CIXPG'),
(224418, '02PBVPG'),
(224418, '03AQJPG'),
(224418, '09AQGPG'),
(224453, '01PDYPG'),
(224453, '01QYPPG'),
(224453, '02ANYPG'),
(224453, '02CIXPG'),
(224453, '02PBVPG'),
(224453, '03AQJPG'),
(224453, '09AQGPG'),
(224491, '01PDYPG'),
(224491, '01QYPPG'),
(224491, '02ANYPG'),
(224491, '02CIXPG'),
(224491, '02PBVPG'),
(224491, '03AQJPG'),
(224491, '09AQGPG'),
(224497, '01PDYPG'),
(224497, '01QYPPG'),
(224497, '02ANYPG'),
(224497, '02CIXPG'),
(224497, '02PBVPG'),
(224497, '03AQJPG'),
(224497, '09AQGPG'),
(224516, '09AQGNG'),
(224539, '01NBAPG'),
(224539, '01PDYPG'),
(224539, '01QYPPG'),
(224539, '02ANYPG'),
(224539, '02CIXPG'),
(224539, '02PBVPG'),
(224539, '03AQJPG'),
(224539, '09AQGPG'),
(224541, '01PDYPG'),
(224541, '01QYPPG'),
(224541, '02ANYPG'),
(224541, '02CIXPG'),
(224541, '02PBVPG'),
(224541, '03AQJPG'),
(224541, '09AQGPG'),
(224562, '01NBAPG'),
(224562, '01PDYPG'),
(224562, '01QYPPG'),
(224562, '02ANYPG'),
(224562, '02CIXPG'),
(224562, '02PBVPG'),
(224562, '03AQJPG'),
(224562, '09AQGPG'),
(224567, '01PDYPG'),
(224567, '01QYPPG'),
(224567, '02ANYPG'),
(224567, '02CIXPG'),
(224567, '02PBVPG'),
(224567, '03AQJPG'),
(224567, '09AQGPG'),
(224634, '05ENLND'),
(224643, '01PDYPG'),
(224643, '01QYPPG'),
(224643, '02ANYPG'),
(224643, '02CIXPG'),
(224643, '02PBVPG'),
(224643, '03AQJPG'),
(224643, '09AQGPG'),
(224668, '01OVZPG'),
(224668, '01PDYPG'),
(224668, '01QYPPG'),
(224668, '02ANYPG'),
(224668, '02CIXPG'),
(224668, '02PBVPG'),
(224668, '03AQJPG'),
(224668, '09AQGPG'),
(224673, '03BYKNE'),
(224682, '01PDYPG'),
(224682, '01QYPPG'),
(224682, '02ANYPG'),
(224682, '02CIXPG'),
(224682, '02PBVPG'),
(224682, '03AQJPG'),
(224682, '09AQGPG'),
(224733, '01JEFPG'),
(224733, '01PDYPG'),
(224733, '03AQJPG'),
(224744, '01NNEOV'),
(224788, '01KSUPG'),
(224788, '01QYPPG'),
(224800, '01PDYPG'),
(224804, '01PDYPG'),
(224804, '02PBVPG'),
(224804, '03AQJPG'),
(224804, '03AQRPG'),
(224804, '09AQGPG'),
(224815, '03AQJPG'),
(224859, '01PDYPG'),
(224859, '01QYPPG'),
(224859, '02ANYPG'),
(224859, '02CIXPG'),
(224859, '02PBVPG'),
(224859, '03AQJPG'),
(224859, '09AQGPG'),
(224877, '01NNENG'),
(224877, '01QGDNG'),
(224877, '02CIXPG'),
(224894, '05ENLND'),
(224900, '01PDYPG'),
(224900, '01QYPPG'),
(224900, '02ANYPG'),
(224900, '02CIXPG'),
(224900, '02PBVPG'),
(224900, '03AQJPG'),
(224900, '09AQGPG'),
(224901, '05ENLND'),
(224931, '01KSUPG'),
(224931, '01NBAPG'),
(224931, '01OVZPG'),
(224931, '01PDYPG'),
(224931, '01QYPPG'),
(224931, '02ANYPG'),
(224931, '03AQJPG'),
(224931, '03BNTPG'),
(224931, '10BDAPG'),
(224932, '01PDYPG'),
(224932, '03AQRPG'),
(224933, '01JEFPG'),
(224933, '03AQJPG'),
(224935, '03AQJPG'),
(224969, '05ENLND'),
(224971, '05ENLND'),
(224976, '05ENLND'),
(224987, '05ENLND'),
(225005, '01JEFPG'),
(225006, '01JEFPG'),
(225007, '01PDYPG'),
(225007, '01QYPPG'),
(225007, '03AQJPG'),
(225007, '09AQGPG'),
(225010, '01JEFPG'),
(225010, '01PDYPG'),
(225010, '01QKLPG'),
(225010, '01QYPPG'),
(225010, '02PBVPG'),
(225010, '09AQGPG'),
(225081, '01PDYPG'),
(225081, '01QYPPG'),
(225081, '02ANYPG'),
(225081, '02CIXPG'),
(225081, '02PBVPG'),
(225081, '03AQJPG'),
(225081, '09AQGPG'),
(225087, '01PDYPG'),
(225087, '01QYPPG'),
(225087, '02ANYPG'),
(225087, '02CIXPG'),
(225087, '02PBVPG'),
(225087, '03AQJPG'),
(225087, '09AQGPG'),
(225088, '01PDYPG'),
(225088, '01QYPPG'),
(225088, '02ANYPG'),
(225088, '02CIXPG'),
(225088, '02PBVPG'),
(225088, '03AQJPG'),
(225088, '09AQGPG'),
(225146, '05ENLND'),
(225181, '05ENLND'),
(225213, '05ENLND'),
(225246, '01PDYPG'),
(225246, '01QYPPG'),
(225246, '02ANYPG'),
(225246, '02CIXPG'),
(225246, '02PBVPG'),
(225246, '03AQJPG'),
(225246, '09AQGPG'),
(225249, '09AQGPG'),
(225309, '01PDYPG'),
(225309, '01QYPPG'),
(225309, '02ANYPG'),
(225309, '02CIXPG'),
(225309, '02PBVPG'),
(225309, '03AQJPG'),
(225309, '09AQGPG'),
(225363, '01OVZPG'),
(225363, '01PDYPG'),
(225363, '01QYPPG'),
(225363, '02ANYPG'),
(225363, '02CIXPG'),
(225363, '02PBVPG'),
(225363, '03AQJPG'),
(225363, '09AQGPG'),
(225363, '10BDAPG'),
(225376, '01NNEOV'),
(225428, '10BDAPG'),
(225515, '01PDYPG'),
(225515, '01QYPPG'),
(225515, '02ANYPG'),
(225515, '02CIXPG'),
(225515, '02PBVPG'),
(225515, '03AQJPG'),
(225515, '09AQGPG'),
(225526, '01PDYPG'),
(225526, '01QYPPG'),
(225526, '02ANYPG'),
(225526, '02CIXPG'),
(225526, '02PBVPG'),
(225526, '03AQJPG'),
(225526, '09AQGPG'),
(225539, '05ENLND'),
(225556, '01OVZPG'),
(225556, '01PDYPG'),
(225556, '01QYPPG'),
(225556, '02ANYPG'),
(225556, '02CIXPG'),
(225556, '02PBVPG'),
(225556, '03AQJPG'),
(225556, '09AQGPG'),
(225556, '10BDAPG'),
(225574, '01NBAPG'),
(225574, '01PDYPG'),
(225574, '01QYPPG'),
(225574, '02ANYPG'),
(225574, '02CIXPG'),
(225574, '02PBVPG'),
(225574, '03AQJPG'),
(225574, '09AQGPG'),
(225691, '01PDZPG'),
(225691, '01PQTPG'),
(225691, '02PBVPG'),
(225691, '03AQJPG'),
(225691, '09AQGPG'),
(225691, '10BDAPG'),
(225740, '01OVZPG'),
(225740, '01QYPPG'),
(225740, '02PBVPG'),
(225740, '09AQGPG'),
(225743, '10BDAPG'),
(225876, '01QGDNG'),
(226026, '10BDAPG'),
(226075, '01PDYPG'),
(226075, '01QYPPG'),
(226075, '02ANYPG'),
(226075, '02CIXPG'),
(226075, '02PBVPG'),
(226075, '03AQJPG'),
(226075, '09AQGPG'),
(226085, '09AQGPG'),
(226118, '05ENLND'),
(226143, '09AQGPG'),
(226323, '02HEFNM'),
(226418, '05ENLND'),
(226420, '10BDAPG'),
(226462, '02HEFNM'),
(226524, '01PDYPG'),
(226524, '01QYPPG'),
(226524, '02ANYPG'),
(226524, '02CIXPG'),
(226524, '02PBVPG'),
(226524, '03AQJPG'),
(226524, '09AQGPG'),
(226560, '02HEFNM'),
(226581, '02HEFQR'),
(226591, '02HEFQR'),
(226613, '02HEFNM'),
(226616, '02HEFNM'),
(226633, '05ENLND'),
(226690, '01PDYPG'),
(226690, '01QYPPG'),
(226690, '02ANYPG'),
(226690, '02CIXPG'),
(226690, '02PBVPG'),
(226690, '03AQJPG'),
(226690, '09AQGPG'),
(226707, '01PDYPG'),
(226707, '01QYPPG'),
(226707, '02ANYPG'),
(226707, '02CIXPG'),
(226707, '02PBVPG'),
(226707, '03AQJPG'),
(226707, '09AQGPG'),
(226707, '10BDAPG'),
(226891, '05ENLND'),
(227043, '02HEFQR'),
(227097, '02HEFQR'),
(227117, '02HEFNM'),
(227225, '02HEFNM'),
(227259, '02HEFNM'),
(227276, '01PDYPG'),
(227276, '01QYPPG'),
(227276, '02ANYPG'),
(227276, '02CIXPG'),
(227276, '02PBVPG'),
(227276, '03AQJPG'),
(227276, '09AQGPG'),
(227328, '01OVZPG'),
(227328, '01PDYPG'),
(227328, '01QYPPG'),
(227328, '02ANYPG'),
(227328, '02CIXPG'),
(227328, '02PBVPG'),
(227328, '03AQJPG'),
(227328, '09AQGPG'),
(227332, '01QGDNG'),
(227334, '01PCEPG'),
(227334, '01PDYPG'),
(227334, '01QYPPG'),
(227334, '02ANYPG'),
(227334, '02CIXPG'),
(227334, '02PBVPG'),
(227334, '03AQJPG'),
(227334, '09AQGPG'),
(227355, '03BNTPG'),
(227413, '10BDAPG'),
(227451, '02HEFNM'),
(227920, '01PDYPG'),
(227920, '01QYPPG'),
(227920, '02ANYPG'),
(227920, '02CIXPG'),
(227920, '02PBVPG'),
(227920, '03AQJPG'),
(227920, '09AQGPG'),
(227947, '01PDYPG'),
(227947, '01QYPPG'),
(227947, '02ANYPG'),
(227947, '02CIXPG'),
(227947, '02PBVPG'),
(227947, '03AQJPG'),
(227947, '09AQGPG'),
(228151, '05ENLND'),
(228202, '01PDYPG'),
(228202, '01QYPPG'),
(228202, '02ANYPG'),
(228202, '02CIXPG'),
(228202, '02PBVPG'),
(228202, '03AQJPG'),
(228202, '09AQGPG'),
(228308, '01NBAPG'),
(228308, '01OVZPG'),
(228308, '01PDYPG'),
(228308, '01QYPPG'),
(228308, '02ANYPG'),
(228308, '02CIXPG'),
(228308, '02PBVPG'),
(228308, '03AQJPG'),
(228308, '09AQGPG'),
(228318, '05ENLND'),
(228394, '01PDYPG'),
(228394, '01QYPPG'),
(228394, '02ANYPG'),
(228394, '02CIXPG'),
(228394, '02PBVPG'),
(228394, '03AQJPG'),
(228394, '09AQGPG'),
(228480, '01PDYPG'),
(228480, '01QYPPG'),
(228480, '02ANYPG'),
(228480, '02CIXPG'),
(228480, '02PBVPG'),
(228480, '03AQJPG'),
(228480, '09AQGPG'),
(228641, '01NBAPG'),
(228641, '01OVZPG'),
(228641, '01PDYPG'),
(228641, '01QYPPG'),
(228641, '02ANYPG'),
(228641, '02CIXPG'),
(228641, '02PBVPG'),
(228641, '03AQJPG'),
(228641, '09AQGPG'),
(228641, '10BDAPG'),
(228903, '05ENLND'),
(229001, '01PDYPG'),
(229001, '01QYPPG'),
(229001, '02ANYPG'),
(229001, '02CIXPG'),
(229001, '02PBVPG'),
(229001, '03AQJPG'),
(229001, '09AQGPG'),
(229023, '01PDYPG'),
(229023, '01QYPPG'),
(229023, '02ANYPG'),
(229023, '02CIXPG'),
(229023, '02PBVPG'),
(229023, '03AQJPG'),
(229023, '09AQGPG'),
(229057, '01PDYPG'),
(229057, '01QYPPG'),
(229057, '02ANYPG'),
(229057, '02CIXPG'),
(229057, '02PBVPG'),
(229057, '03AQJPG'),
(229057, '09AQGPG'),
(229109, '01PDYPG'),
(229109, '01QYPPG'),
(229109, '02ANYPG'),
(229109, '02CIXPG'),
(229109, '02PBVPG'),
(229109, '03AQJPG'),
(229109, '09AQGPG'),
(229156, '05ENLND'),
(229177, '05ENLND'),
(229215, '01PDYPG'),
(229215, '01QYPPG'),
(229215, '02ANYPG'),
(229215, '02CIXPG'),
(229215, '02PBVPG'),
(229215, '03AQJPG'),
(229215, '09AQGPG'),
(229453, '01PDYPG'),
(229453, '01QYPPG'),
(229453, '02ANYPG'),
(229453, '02CIXPG'),
(229453, '02PBVPG'),
(229453, '03AQJPG'),
(229453, '09AQGPG'),
(229457, '01PDYPG'),
(229457, '01QYPPG'),
(229457, '02ANYPG'),
(229457, '02CIXPG'),
(229457, '02PBVPG'),
(229457, '03AQJPG'),
(229457, '09AQGPG'),
(229491, '05ENLND'),
(229699, '01PDYPG'),
(229699, '01QYPPG'),
(229699, '02ANYPG'),
(229699, '02CIXPG'),
(229699, '02PBVPG'),
(229699, '03AQJPG'),
(229699, '09AQGPG'),
(229724, '01PDYPG'),
(229724, '01QYPPG'),
(229724, '02ANYPG'),
(229724, '02CIXPG'),
(229724, '02PBVPG'),
(229724, '03AQJPG'),
(229724, '09AQGPG'),
(229791, '01KSUPG'),
(229791, '01PDYPG'),
(229791, '01QYPPG'),
(229791, '02ANYPG'),
(229791, '02CIXPG'),
(229791, '02PBVPG'),
(229791, '03AQJPG'),
(229791, '03BYKPG'),
(229791, '09AQGPG'),
(229845, '05ENLND'),
(229881, '01PDYPG'),
(229881, '01QYPPG'),
(229881, '02ANYPG'),
(229881, '02CIXPG'),
(229881, '02PBVPG'),
(229881, '03AQJPG'),
(229881, '09AQGPG'),
(229915, '05ENLND'),
(229929, '05ENLND'),
(230032, '01PDYPG'),
(230032, '01QYPPG'),
(230032, '02ANYPG'),
(230032, '02CIXPG'),
(230032, '02PBVPG'),
(230032, '03AQJPG'),
(230032, '09AQGPG'),
(230043, '01PDYPG'),
(230043, '01QYPPG'),
(230043, '02ANYPG'),
(230043, '02CIXPG'),
(230043, '02PBVPG'),
(230043, '03AQJPG'),
(230043, '09AQGPG'),
(230047, '01PDYPG'),
(230047, '01QYPPG'),
(230047, '02ANYPG'),
(230047, '02CIXPG'),
(230047, '02PBVPG'),
(230047, '03AQJPG'),
(230047, '09AQGPG'),
(230048, '05ENLND'),
(230057, '01PDYPG'),
(230057, '01QYPPG'),
(230057, '02ANYPG'),
(230057, '02CIXPG'),
(230057, '02PBVPG'),
(230057, '03AQJPG'),
(230057, '09AQGPG'),
(230063, '01PDYPG'),
(230063, '01QYPPG'),
(230063, '02ANYPG'),
(230063, '02CIXPG'),
(230063, '02PBVPG'),
(230063, '03AQJPG'),
(230063, '09AQGPG'),
(230083, '01PDYPG'),
(230083, '01QYPPG'),
(230083, '02ANYPG'),
(230083, '02CIXPG'),
(230083, '02PBVPG'),
(230083, '03AQJPG'),
(230083, '09AQGPG'),
(230088, '01PDYPG'),
(230088, '01QYPPG'),
(230088, '02ANYPG'),
(230088, '02CIXPG'),
(230088, '02PBVPG'),
(230088, '03AQJPG'),
(230088, '09AQGPG'),
(230237, '01PDYPG'),
(230237, '01QYPPG'),
(230237, '02ANYPG'),
(230237, '02CIXPG'),
(230237, '02PBVPG'),
(230237, '03AQJPG'),
(230237, '09AQGPG'),
(230383, '05ENLND'),
(230443, '02HEFQR'),
(230449, '02HEFQR'),
(230455, '02HEFQR'),
(230533, '01PDYPG'),
(230533, '01QYPPG'),
(230533, '02ANYPG'),
(230533, '02CIXPG'),
(230533, '02PBVPG'),
(230533, '03AQJPG'),
(230533, '09AQGPG'),
(230548, '18AKSOA'),
(230628, '01PDYPG'),
(230628, '01QYPPG'),
(230628, '02ANYPG'),
(230628, '02CIXPG'),
(230628, '02PBVPG'),
(230628, '03AQJPG'),
(230628, '09AQGPG'),
(230648, '02HEFQR'),
(230668, '01PDYPG'),
(230668, '01QYPPG'),
(230668, '02ANYPG'),
(230668, '02CIXPG'),
(230668, '02PBVPG'),
(230668, '03AQJPG'),
(230668, '09AQGPG'),
(230682, '01PDYPG'),
(230682, '01QYPPG'),
(230682, '02ANYPG'),
(230682, '02CIXPG'),
(230682, '02PBVPG'),
(230682, '03AQJPG'),
(230682, '09AQGPG'),
(230781, '01PDYPG'),
(230781, '01QYPPG'),
(230781, '02ANYPG'),
(230781, '02CIXPG'),
(230781, '02PBVPG'),
(230781, '03AQJPG'),
(230781, '09AQGPG'),
(230794, '01PDYPG'),
(230794, '01QYPPG'),
(230794, '02ANYPG'),
(230794, '02CIXPG'),
(230794, '02PBVPG'),
(230794, '03AQJPG'),
(230794, '09AQGPG'),
(230820, '05ENLND'),
(230898, '01PDYPG'),
(230898, '01QYPPG'),
(230898, '02ANYPG'),
(230898, '02CIXPG'),
(230898, '02PBVPG'),
(230898, '03AQJPG'),
(230898, '09AQGPG'),
(230910, '01QGDNG'),
(230931, '01PDYPG'),
(230931, '01QYPPG'),
(230931, '02ANYPG'),
(230931, '02CIXPG'),
(230931, '02PBVPG'),
(230931, '03AQJPG'),
(230931, '09AQGPG'),
(230955, '01NNEOV'),
(230957, '05ENLND'),
(230976, '01NNEOV'),
(230978, '01PDYPG'),
(230978, '01QYPPG'),
(230978, '02ANYPG'),
(230978, '02CIXPG'),
(230978, '02PBVPG'),
(230978, '03AQJPG'),
(230978, '09AQGPG'),
(230993, '01PDYPG'),
(230993, '01QYPPG'),
(230993, '02ANYPG'),
(230993, '02CIXPG'),
(230993, '02PBVPG'),
(230993, '03AQJPG'),
(230993, '09AQGPG'),
(231002, '01PDYPG'),
(231002, '01QYPPG'),
(231002, '02ANYPG'),
(231002, '02CIXPG'),
(231002, '02PBVPG'),
(231002, '03AQJPG'),
(231002, '09AQGPG'),
(231003, '01PDYPG'),
(231003, '01QYPPG'),
(231003, '02ANYPG'),
(231003, '02CIXPG'),
(231003, '02PBVPG'),
(231003, '03AQJPG'),
(231003, '09AQGPG'),
(231004, '01PDYPG'),
(231004, '01QYPPG'),
(231004, '02ANYPG'),
(231004, '02CIXPG'),
(231004, '02PBVPG'),
(231004, '03AQJPG'),
(231004, '09AQGPG'),
(231006, '01PDYPG'),
(231006, '01QYPPG'),
(231006, '02ANYPG'),
(231006, '02CIXPG'),
(231006, '02PBVPG'),
(231006, '03AQJPG'),
(231006, '09AQGPG'),
(231008, '01PDYPG'),
(231008, '01QYPPG'),
(231008, '02ANYPG'),
(231008, '02CIXPG'),
(231008, '02PBVPG'),
(231008, '03AQJPG'),
(231008, '09AQGPG'),
(231013, '01PDYPG'),
(231013, '01QYPPG'),
(231013, '02ANYPG'),
(231013, '02CIXPG'),
(231013, '02PBVPG'),
(231013, '03AQJPG'),
(231013, '09AQGPG'),
(231017, '05ENLND'),
(231023, '01NATPG'),
(231023, '01OVZPG'),
(231023, '01PDYPG'),
(231023, '01QYPPG'),
(231023, '02ANYPG'),
(231023, '02CIXPG'),
(231023, '02PBVPG'),
(231023, '03AQJPG'),
(231023, '09AQGPG'),
(231030, '01PDYPG'),
(231030, '01QYPPG'),
(231030, '02ANYPG'),
(231030, '02CIXPG'),
(231030, '02PBVPG'),
(231030, '03AQJPG'),
(231030, '09AQGPG'),
(231060, '01PDYPG'),
(231060, '01QYPPG'),
(231060, '02ANYPG'),
(231060, '02CIXPG'),
(231060, '02PBVPG'),
(231060, '03AQJPG'),
(231060, '09AQGPG'),
(231061, '01PDYPG'),
(231061, '01QYPPG'),
(231061, '02ANYPG'),
(231061, '02CIXPG'),
(231061, '02PBVPG'),
(231061, '03AQJPG'),
(231061, '09AQGPG'),
(231077, '01NBAPG'),
(231077, '01OVZPG'),
(231077, '01PDYPG'),
(231077, '01QYPPG'),
(231077, '02ANYPG'),
(231077, '02CIXPG'),
(231077, '02PBVPG'),
(231077, '03AQJPG'),
(231077, '09AQGPG'),
(231077, '10BDAPG'),
(231083, '01PDYPG'),
(231083, '01QYPPG'),
(231083, '02ANYPG'),
(231083, '02CIXPG'),
(231083, '02PBVPG'),
(231083, '03AQJPG'),
(231083, '09AQGPG'),
(231084, '01PDYPG'),
(231084, '01QYPPG'),
(231084, '02ANYPG'),
(231084, '02CIXPG'),
(231084, '02PBVPG'),
(231084, '03AQJPG'),
(231084, '09AQGPG'),
(231095, '01PDYPG'),
(231095, '01QYPPG'),
(231095, '02ANYPG'),
(231095, '02CIXPG'),
(231095, '02PBVPG'),
(231095, '03AQJPG'),
(231095, '09AQGPG'),
(231098, '01PDYPG'),
(231098, '01QYPPG'),
(231098, '02ANYPG'),
(231098, '02CIXPG'),
(231098, '02PBVPG'),
(231098, '03AQJPG'),
(231098, '09AQGPG'),
(231117, '01OVZPG'),
(231117, '01PDYPG'),
(231117, '01PDZPG'),
(231117, '01QGDPG'),
(231117, '01QYPPG'),
(231117, '02ANYPG'),
(231117, '02CIXPG'),
(231117, '02PBVPG'),
(231117, '03AQJPG'),
(231117, '09AQGPG'),
(231118, '05ENLND'),
(231126, '01PDYPG'),
(231126, '01QYPPG'),
(231126, '02ANYPG'),
(231126, '02CIXPG'),
(231126, '02PBVPG'),
(231126, '03AQJPG'),
(231126, '09AQGPG'),
(231134, '05ENLND'),
(231147, '01PDYPG'),
(231147, '01QYPPG'),
(231147, '02ANYPG'),
(231147, '02CIXPG'),
(231147, '02PBVPG'),
(231147, '03AQJPG'),
(231147, '09AQGPG'),
(231152, '05ENLND'),
(231156, '01PDYPG'),
(231156, '01QYPPG'),
(231156, '02ANYPG'),
(231156, '02CIXPG'),
(231156, '02PBVPG'),
(231156, '03AQJPG'),
(231156, '09AQGPG'),
(231160, '01OVZPG'),
(231160, '01PDYPG'),
(231160, '01QYPPG'),
(231160, '02ANYPG'),
(231160, '02CIXPG'),
(231160, '02PBVPG'),
(231160, '03AQJPG'),
(231160, '09AQGPG'),
(231162, '01PDYPG'),
(231162, '01QYPPG'),
(231162, '02ANYPG'),
(231162, '02CIXPG'),
(231162, '02PBVPG'),
(231162, '03AQJPG'),
(231162, '09AQGPG'),
(231167, '01NNEOV'),
(231170, '01PDYPG'),
(231170, '01QYPPG'),
(231170, '02ANYPG'),
(231170, '02CIXPG'),
(231170, '02PBVPG'),
(231170, '03AQJPG'),
(231170, '09AQGPG'),
(231170, '10BDAPG'),
(231177, '01PDYPG'),
(231177, '01QYPPG'),
(231177, '02ANYPG'),
(231177, '02CIXPG'),
(231177, '02PBVPG'),
(231177, '03AQJPG'),
(231177, '09AQGPG'),
(231178, '01PDYPG'),
(231178, '01QYPPG'),
(231178, '02ANYPG'),
(231178, '02CIXPG'),
(231178, '02PBVPG'),
(231178, '03AQJPG'),
(231178, '09AQGPG'),
(231182, '01PDYPG'),
(231182, '01QYPPG'),
(231182, '02ANYPG'),
(231182, '02CIXPG'),
(231182, '02PBVPG'),
(231182, '03AQJPG'),
(231182, '09AQGPG'),
(231185, '01PDYPG'),
(231185, '01QYPPG'),
(231185, '02ANYPG'),
(231185, '02CIXPG'),
(231185, '02PBVPG'),
(231185, '03AQJPG'),
(231185, '09AQGPG'),
(231201, '01PDYPG'),
(231201, '01QYPPG'),
(231201, '02ANYPG'),
(231201, '02CIXPG'),
(231201, '02PBVPG'),
(231201, '03AQJPG'),
(231201, '09AQGPG'),
(231203, '05ENLND'),
(231207, '01PDYPG'),
(231207, '01QYPPG'),
(231207, '02ANYPG'),
(231207, '02CIXPG'),
(231207, '02PBVPG'),
(231207, '03AQJPG'),
(231207, '09AQGPG'),
(231214, '01PDYPG'),
(231214, '01QYPPG'),
(231214, '02ANYPG'),
(231214, '02CIXPG'),
(231214, '02PBVPG'),
(231214, '03AQJPG'),
(231214, '09AQGPG'),
(231218, '01PDYPG'),
(231218, '01QYPPG'),
(231218, '02ANYPG'),
(231218, '02CIXPG'),
(231218, '02PBVPG'),
(231218, '03AQJPG'),
(231218, '09AQGPG'),
(231221, '05ENLND'),
(231223, '01PDYPG'),
(231223, '01QYPPG'),
(231223, '02ANYPG'),
(231223, '02CIXPG'),
(231223, '02PBVPG'),
(231223, '03AQJPG'),
(231223, '09AQGPG'),
(231227, '01PDYPG'),
(231227, '01QYPPG'),
(231227, '02ANYPG'),
(231227, '02CIXPG'),
(231227, '02PBVPG'),
(231227, '03AQJPG'),
(231227, '09AQGPG'),
(231240, '01PDYPG'),
(231240, '01QYPPG'),
(231240, '02ANYPG'),
(231240, '02CIXPG'),
(231240, '02PBVPG'),
(231240, '03AQJPG'),
(231240, '09AQGPG'),
(231242, '01PDYPG'),
(231242, '01QYPPG'),
(231242, '02ANYPG'),
(231242, '02CIXPG'),
(231242, '02PBVPG'),
(231242, '03AQJPG'),
(231242, '09AQGPG'),
(231273, '01PDYPG'),
(231273, '01QYPPG'),
(231273, '02ANYPG'),
(231273, '02CIXPG'),
(231273, '02PBVPG'),
(231273, '03AQJPG'),
(231273, '09AQGPG'),
(231276, '01PDYPG'),
(231276, '01QYPPG'),
(231276, '02ANYPG'),
(231276, '02CIXPG'),
(231276, '02PBVPG'),
(231276, '03AQJPG'),
(231276, '09AQGPG'),
(231281, '01PDYPG'),
(231281, '01QYPPG'),
(231281, '02ANYPG'),
(231281, '02CIXPG'),
(231281, '02PBVPG'),
(231281, '03AQJPG'),
(231281, '09AQGPG'),
(231297, '01PDYPG'),
(231297, '01QYPPG'),
(231297, '02ANYPG'),
(231297, '02CIXPG'),
(231297, '02PBVPG'),
(231297, '03AQJPG'),
(231297, '09AQGPG'),
(231300, '01PDYPG'),
(231300, '01QYPPG'),
(231300, '02ANYPG'),
(231300, '02CIXPG'),
(231300, '02PBVPG'),
(231300, '03AQJPG'),
(231300, '09AQGPG'),
(231306, '01PDYPG'),
(231306, '01QYPPG'),
(231306, '02ANYPG'),
(231306, '02CIXPG'),
(231306, '02PBVPG'),
(231306, '03AQJPG'),
(231306, '09AQGPG'),
(231315, '05ENLND'),
(231320, '01PDYPG'),
(231320, '01QYPPG'),
(231320, '02ANYPG'),
(231320, '02CIXPG'),
(231320, '02PBVPG'),
(231320, '03AQJPG'),
(231320, '09AQGPG'),
(231325, '01PDYPG'),
(231325, '01QYPPG'),
(231325, '02ANYPG'),
(231325, '02CIXPG'),
(231325, '02PBVPG'),
(231325, '03AQJPG'),
(231325, '09AQGPG'),
(231327, '01PDYPG'),
(231327, '01QYPPG'),
(231327, '02ANYPG'),
(231327, '02CIXPG'),
(231327, '02PBVPG'),
(231327, '03AQJPG'),
(231327, '09AQGPG'),
(231341, '01PDYPG'),
(231341, '01QYPPG'),
(231341, '02ANYPG'),
(231341, '02CIXPG'),
(231341, '02PBVPG'),
(231341, '03AQJPG'),
(231341, '09AQGPG'),
(231343, '01PDYPG'),
(231343, '01QYPPG'),
(231343, '02ANYPG'),
(231343, '02CIXPG'),
(231343, '02PBVPG'),
(231343, '03AQJPG'),
(231343, '09AQGPG'),
(231344, '01PDYPG'),
(231344, '01QYPPG'),
(231344, '02ANYPG'),
(231344, '02CIXPG'),
(231344, '02PBVPG'),
(231344, '03AQJPG'),
(231344, '09AQGPG'),
(231346, '01PDYPG'),
(231346, '01QYPPG'),
(231346, '02ANYPG'),
(231346, '02CIXPG'),
(231346, '02PBVPG'),
(231346, '03AQJPG'),
(231346, '09AQGPG'),
(231353, '01PDYPG'),
(231353, '01QYPPG'),
(231353, '02ANYPG'),
(231353, '02CIXPG'),
(231353, '02PBVPG'),
(231353, '03AQJPG'),
(231353, '09AQGPG'),
(231355, '01PDYPG'),
(231355, '01QYPPG'),
(231355, '02ANYPG'),
(231355, '02CIXPG'),
(231355, '02PBVPG'),
(231355, '03AQJPG'),
(231355, '09AQGPG'),
(231360, '01PDYPG'),
(231360, '01QYPPG'),
(231360, '02ANYPG'),
(231360, '02CIXPG'),
(231360, '02PBVPG'),
(231360, '03AQJPG'),
(231360, '09AQGPG'),
(231363, '01PDYPG'),
(231363, '01QYPPG'),
(231363, '02ANYPG'),
(231363, '02CIXPG'),
(231363, '02PBVPG'),
(231363, '03AQJPG'),
(231363, '09AQGPG'),
(231365, '01OVZPG'),
(231365, '01PDYPG'),
(231365, '01QYPPG'),
(231365, '02ANYPG'),
(231365, '02CIXPG'),
(231365, '02PBVPG'),
(231365, '03AQJPG'),
(231365, '09AQGPG'),
(231366, '01OVZPG'),
(231366, '01PDYPG'),
(231366, '01QYPPG'),
(231366, '02ANYPG'),
(231366, '02CIXPG'),
(231366, '02PBVPG'),
(231366, '03AQJPG'),
(231366, '09AQGPG'),
(231367, '01PDYPG'),
(231367, '01QYPPG'),
(231367, '02ANYPG'),
(231367, '02CIXPG'),
(231367, '02PBVPG'),
(231367, '03AQJPG'),
(231367, '09AQGPG'),
(231372, '01PDYPG'),
(231372, '01QYPPG'),
(231372, '02ANYPG'),
(231372, '02CIXPG'),
(231372, '02PBVPG'),
(231372, '03AQJPG'),
(231372, '09AQGPG'),
(231374, '01PDYPG'),
(231374, '01QYPPG'),
(231374, '02ANYPG'),
(231374, '02CIXPG'),
(231374, '02PBVPG'),
(231374, '03AQJPG'),
(231374, '09AQGPG'),
(231378, '01PDYPG'),
(231378, '01QYPPG'),
(231378, '02ANYPG'),
(231378, '02CIXPG'),
(231378, '02PBVPG'),
(231378, '03AQJPG'),
(231378, '09AQGPG'),
(231380, '01PDYPG'),
(231380, '01QYPPG'),
(231380, '02ANYPG'),
(231380, '02CIXPG'),
(231380, '02PBVPG'),
(231380, '03AQJPG'),
(231380, '09AQGPG'),
(231385, '01PDYPG'),
(231385, '01QYPPG'),
(231385, '02ANYPG'),
(231385, '02CIXPG'),
(231385, '02PBVPG'),
(231385, '03AQJPG'),
(231385, '09AQGPG'),
(231387, '01PDYPG'),
(231387, '01QYPPG'),
(231387, '02ANYPG'),
(231387, '02CIXPG'),
(231387, '02PBVPG'),
(231387, '03AQJPG'),
(231387, '09AQGPG'),
(231388, '01PDYPG'),
(231388, '01QYPPG'),
(231388, '02ANYPG'),
(231388, '02CIXPG'),
(231388, '02PBVPG'),
(231388, '03AQJPG'),
(231388, '09AQGPG'),
(231392, '01PDYPG'),
(231392, '01QYPPG'),
(231392, '02ANYPG'),
(231392, '02CIXPG'),
(231392, '02PBVPG'),
(231392, '03AQJPG'),
(231392, '09AQGPG'),
(231393, '01PDYPG'),
(231393, '01QYPPG'),
(231393, '02ANYPG'),
(231393, '02CIXPG'),
(231393, '02PBVPG'),
(231393, '03AQJPG'),
(231393, '09AQGPG'),
(231395, '01PDYPG'),
(231395, '01QYPPG'),
(231395, '02ANYPG'),
(231395, '02CIXPG'),
(231395, '02PBVPG'),
(231395, '03AQJPG'),
(231395, '09AQGPG'),
(231399, '01PDYPG'),
(231399, '01QYPPG'),
(231399, '02ANYPG'),
(231399, '02CIXPG'),
(231399, '02PBVPG'),
(231399, '03AQJPG'),
(231399, '09AQGPG'),
(231402, '01PDYPG'),
(231402, '01QYPPG'),
(231402, '02ANYPG'),
(231402, '02CIXPG'),
(231402, '02PBVPG'),
(231402, '03AQJPG'),
(231402, '09AQGPG'),
(231405, '01PDYPG'),
(231405, '01QYPPG'),
(231405, '02ANYPG'),
(231405, '02CIXPG'),
(231405, '02PBVPG'),
(231405, '03AQJPG'),
(231405, '09AQGPG'),
(231407, '01PDYPG'),
(231407, '01QYPPG'),
(231407, '02ANYPG'),
(231407, '02CIXPG'),
(231407, '02PBVPG'),
(231407, '03AQJPG'),
(231407, '09AQGPG'),
(231413, '01PDYPG'),
(231413, '01QYPPG'),
(231413, '02ANYPG'),
(231413, '02CIXPG'),
(231413, '02PBVPG'),
(231413, '03AQJPG'),
(231413, '09AQGPG'),
(231424, '01PDYPG'),
(231424, '01QYPPG'),
(231424, '02ANYPG'),
(231424, '02CIXPG'),
(231424, '02PBVPG'),
(231424, '03AQJPG'),
(231424, '09AQGPG'),
(231427, '01PDYPG'),
(231427, '01QYPPG'),
(231427, '02ANYPG'),
(231427, '02CIXPG'),
(231427, '02PBVPG'),
(231427, '03AQJPG'),
(231427, '09AQGPG'),
(231441, '01PDYPG'),
(231441, '01QYPPG'),
(231441, '02ANYPG'),
(231441, '02CIXPG'),
(231441, '02PBVPG'),
(231441, '03AQJPG'),
(231441, '09AQGPG'),
(231458, '05ENLND'),
(231483, '01PDYPG'),
(231483, '01QYPPG'),
(231483, '02ANYPG'),
(231483, '02CIXPG'),
(231483, '02PBVPG'),
(231483, '03AQJPG'),
(231483, '09AQGPG'),
(231486, '01PDYPG'),
(231486, '01QYPPG'),
(231486, '02ANYPG'),
(231486, '02CIXPG'),
(231486, '02PBVPG'),
(231486, '03AQJPG'),
(231486, '09AQGPG'),
(231491, '01PDYPG'),
(231491, '01QYPPG'),
(231491, '02ANYPG'),
(231491, '02CIXPG'),
(231491, '02PBVPG'),
(231491, '03AQJPG'),
(231491, '09AQGPG'),
(231500, '05ENLND'),
(231537, '05ENLND'),
(231548, '01PDYPG'),
(231548, '01QYPPG'),
(231548, '02ANYPG'),
(231548, '02CIXPG'),
(231548, '02PBVPG'),
(231548, '03AQJPG'),
(231548, '09AQGPG'),
(231551, '01PDYPG'),
(231551, '01QYPPG'),
(231551, '02ANYPG'),
(231551, '02CIXPG'),
(231551, '02PBVPG'),
(231551, '03AQJPG'),
(231551, '09AQGPG'),
(231555, '01QGDNG'),
(231627, '01PDYPG'),
(231627, '01QYPPG'),
(231627, '02ANYPG'),
(231627, '02CIXPG'),
(231627, '02PBVPG'),
(231627, '03AQJPG'),
(231627, '09AQGPG'),
(231637, '01NNEOV'),
(231653, '05ENLND'),
(231655, '01PQTPG'),
(231693, '01PDYPG'),
(231693, '01QYPPG'),
(231693, '02ANYPG'),
(231693, '02CIXPG'),
(231693, '02PBVPG'),
(231693, '03AQJPG'),
(231693, '09AQGPG'),
(231699, '01PDYPG'),
(231699, '01QYPPG'),
(231699, '02ANYPG'),
(231699, '02CIXPG'),
(231699, '02PBVPG'),
(231699, '03AQJPG'),
(231699, '09AQGPG'),
(231703, '01PDYPG'),
(231703, '01QYPPG'),
(231703, '02ANYPG'),
(231703, '02CIXPG'),
(231703, '02PBVPG'),
(231703, '03AQJPG'),
(231703, '09AQGPG'),
(231706, '01NNENG'),
(231730, '05ENLND'),
(231740, '01PDYPG'),
(231740, '01QYPPG'),
(231740, '02ANYPG'),
(231740, '02CIXPG'),
(231740, '02PBVPG'),
(231740, '03AQJPG'),
(231740, '09AQGPG'),
(231751, '01PDYPG'),
(231751, '01QYPPG'),
(231751, '02ANYPG'),
(231751, '02CIXPG'),
(231751, '02PBVPG'),
(231751, '03AQJPG'),
(231751, '09AQGPG'),
(231764, '01PDYPG'),
(231764, '01QYPPG'),
(231764, '02ANYPG'),
(231764, '02CIXPG'),
(231764, '02PBVPG'),
(231764, '03AQJPG'),
(231764, '09AQGPG'),
(231770, '01PDYPG'),
(231770, '01QYPPG'),
(231770, '02ANYPG'),
(231770, '02CIXPG'),
(231770, '02PBVPG'),
(231770, '03AQJPG'),
(231770, '09AQGPG'),
(231803, '01PDYPG'),
(231803, '01QYPPG'),
(231803, '02ANYPG'),
(231803, '02CIXPG'),
(231803, '02PBVPG'),
(231803, '03AQJPG'),
(231803, '09AQGPG'),
(231832, '01PDYPG'),
(231832, '01QYPPG'),
(231832, '02ANYPG'),
(231832, '02CIXPG'),
(231832, '02PBVPG'),
(231832, '03AQJPG'),
(231832, '09AQGPG'),
(231835, '01PDYPG'),
(231835, '01QYPPG'),
(231835, '02ANYPG'),
(231835, '02CIXPG'),
(231835, '02PBVPG'),
(231835, '03AQJPG'),
(231835, '09AQGPG'),
(231851, '01PDYPG'),
(231851, '01QYPPG'),
(231851, '02ANYPG'),
(231851, '02CIXPG'),
(231851, '02PBVPG'),
(231851, '03AQJPG'),
(231851, '09AQGPG'),
(231907, '01NNEOV'),
(231919, '01PDYPG'),
(231919, '02ANYPG'),
(231919, '02CIXPG'),
(231919, '02PBVPG'),
(231926, '01PDYPG'),
(231926, '01QYPPG'),
(231926, '02ANYPG'),
(231926, '02CIXPG'),
(231926, '02PBVPG'),
(231926, '03AQJPG'),
(231926, '09AQGPG'),
(231927, '01PDYPG'),
(231927, '01QYPPG'),
(231927, '02ANYPG'),
(231927, '02CIXPG'),
(231927, '02PBVPG'),
(231927, '03AQJPG'),
(231927, '09AQGPG'),
(231991, '01PDYPG'),
(231991, '01QYPPG'),
(231991, '02ANYPG'),
(231991, '02CIXPG'),
(231991, '02PBVPG'),
(231991, '03AQJPG'),
(231991, '09AQGPG'),
(231994, '01PDYPG'),
(231994, '01QYPPG'),
(231994, '02ANYPG'),
(231994, '02CIXPG'),
(231994, '02PBVPG'),
(231994, '03AQJPG'),
(231994, '09AQGPG'),
(232010, '09AQGPG'),
(232119, '05ENLND'),
(232140, '05ENLND'),
(232179, '05ENLND'),
(232210, '05ENLND'),
(232211, '01PDYPG'),
(232211, '01QYPPG'),
(232211, '02ANYPG'),
(232211, '02CIXPG'),
(232211, '02PBVPG'),
(232211, '03AQJPG'),
(232211, '09AQGPG'),
(232214, '05ENLND'),
(232216, '01PDYPG'),
(232216, '01QYPPG'),
(232216, '02ANYPG'),
(232216, '02CIXPG'),
(232216, '02PBVPG'),
(232216, '03AQJPG'),
(232216, '09AQGPG'),
(232217, '01PDYPG'),
(232217, '01QYPPG'),
(232217, '02ANYPG'),
(232217, '02CIXPG'),
(232217, '02PBVPG'),
(232217, '03AQJPG'),
(232217, '09AQGPG'),
(232221, '01PDYPG'),
(232221, '01QYPPG'),
(232221, '02ANYPG'),
(232221, '02CIXPG'),
(232221, '02PBVPG'),
(232221, '03AQJPG'),
(232221, '09AQGPG'),
(232223, '01PDYPG'),
(232223, '01QYPPG'),
(232223, '02ANYPG'),
(232223, '02CIXPG'),
(232223, '02PBVPG'),
(232223, '03AQJPG'),
(232223, '09AQGPG'),
(232229, '01PDYPG'),
(232229, '01QYPPG'),
(232229, '02ANYPG'),
(232229, '02CIXPG'),
(232229, '02PBVPG'),
(232229, '03AQJPG'),
(232229, '09AQGPG'),
(232233, '01PDYPG'),
(232233, '01QYPPG'),
(232233, '02ANYPG'),
(232233, '02CIXPG'),
(232233, '02PBVPG'),
(232233, '03AQJPG'),
(232233, '09AQGPG'),
(232237, '01PDYPG'),
(232237, '01QYPPG'),
(232237, '02ANYPG'),
(232237, '02CIXPG'),
(232237, '02PBVPG'),
(232237, '03AQJPG'),
(232237, '09AQGPG'),
(232251, '01PDYPG'),
(232251, '01QYPPG'),
(232251, '02ANYPG'),
(232251, '02CIXPG'),
(232251, '02PBVPG'),
(232251, '03AQJPG'),
(232251, '09AQGPG'),
(232253, '01PDYPG'),
(232253, '01QYPPG'),
(232253, '02ANYPG'),
(232253, '02CIXPG'),
(232253, '02PBVPG'),
(232253, '03AQJPG'),
(232253, '09AQGPG'),
(232254, '01PDYPG'),
(232254, '01QYPPG'),
(232254, '02ANYPG'),
(232254, '02CIXPG'),
(232254, '02PBVPG'),
(232254, '03AQJPG'),
(232254, '09AQGPG'),
(232255, '01PDYPG'),
(232255, '01QYPPG'),
(232255, '02ANYPG'),
(232255, '03AQJPG'),
(232260, '01PDYPG'),
(232260, '01QYPPG'),
(232260, '02ANYPG'),
(232260, '02CIXPG'),
(232260, '02PBVPG'),
(232260, '03AQJPG'),
(232260, '09AQGPG'),
(232262, '01PDYPG'),
(232262, '01QYPPG'),
(232262, '02ANYPG'),
(232262, '02CIXPG'),
(232262, '02PBVPG'),
(232262, '03AQJPG'),
(232262, '09AQGPG'),
(232269, '01PDYPG'),
(232269, '01QYPPG'),
(232269, '02ANYPG'),
(232269, '02CIXPG'),
(232269, '02PBVPG'),
(232269, '03AQJPG'),
(232269, '09AQGPG'),
(232276, '01PDYPG'),
(232276, '01QYPPG'),
(232276, '02ANYPG'),
(232276, '02CIXPG'),
(232276, '02PBVPG'),
(232276, '03AQJPG'),
(232276, '09AQGPG'),
(232282, '05ENLND'),
(232293, '01PDYPG'),
(232293, '01QYPPG'),
(232293, '02ANYPG'),
(232293, '02CIXPG'),
(232293, '02PBVPG'),
(232293, '03AQJPG'),
(232293, '09AQGPG'),
(232295, '01QGDNG'),
(232295, '09AQGNG'),
(232296, '01PDYPG'),
(232296, '01QYPPG'),
(232296, '02ANYPG'),
(232296, '02CIXPG'),
(232296, '02PBVPG'),
(232296, '03AQJPG'),
(232296, '09AQGPG'),
(232300, '01PDYPG'),
(232300, '01QYPPG'),
(232300, '02ANYPG'),
(232300, '03AQJPG'),
(232301, '01PDYPG'),
(232301, '01QYPPG'),
(232301, '02ANYPG'),
(232301, '03AQJPG'),
(232302, '02HEFNM'),
(232302, '03BNTPG'),
(232305, '01PDYPG'),
(232305, '01QYPPG'),
(232305, '02ANYPG'),
(232305, '02CIXPG'),
(232305, '02PBVPG'),
(232305, '03AQJPG'),
(232305, '09AQGPG'),
(232306, '01PDYPG'),
(232306, '01QYPPG'),
(232306, '02ANYPG'),
(232306, '02CIXPG'),
(232306, '02PBVPG'),
(232306, '03AQJPG'),
(232306, '09AQGPG'),
(232313, '01PDYPG'),
(232313, '01QYPPG'),
(232313, '02ANYPG'),
(232313, '02CIXPG'),
(232313, '02PBVPG'),
(232313, '03AQJPG'),
(232313, '09AQGPG'),
(232317, '01PDYPG'),
(232317, '01QYPPG'),
(232317, '02ANYPG'),
(232317, '02CIXPG'),
(232317, '02PBVPG'),
(232317, '03AQJPG'),
(232317, '09AQGPG'),
(232320, '01QGDNG'),
(232339, '01PDYPG'),
(232339, '01QYPPG'),
(232339, '02ANYPG'),
(232339, '02CIXPG'),
(232339, '02PBVPG'),
(232339, '03AQJPG'),
(232339, '09AQGPG'),
(232342, '01PDYPG'),
(232342, '01QYPPG'),
(232342, '02ANYPG'),
(232342, '02CIXPG'),
(232342, '02PBVPG'),
(232342, '03AQJPG'),
(232342, '09AQGPG'),
(232387, '01PDYPG'),
(232387, '01QYPPG'),
(232387, '02ANYPG'),
(232387, '03AQJPG'),
(232412, '05ENLND'),
(232420, '01NNEOV'),
(232429, '01PDYPG'),
(232429, '01QYPPG'),
(232429, '02ANYPG'),
(232429, '03AQJPG'),
(232431, '01JEFPG'),
(232431, '01PDYPG'),
(232431, '01QYPPG'),
(232431, '02ANYPG'),
(232431, '03AQJPG'),
(232444, '01PDYPG'),
(232444, '01QYPPG'),
(232444, '02ANYPG'),
(232444, '03AQJPG'),
(232485, '05ENLND'),
(232487, '05ENLND'),
(232504, '01PDYPG'),
(232504, '01QYPPG'),
(232504, '02ANYPG'),
(232504, '03AQJPG'),
(232505, '01PDYPG'),
(232505, '01QYPPG'),
(232505, '02ANYPG'),
(232505, '03AQJPG'),
(232505, '03BNTPG'),
(232506, '05ENLND'),
(232509, '01PDYPG'),
(232509, '01QYPPG'),
(232509, '02ANYPG'),
(232509, '03AQJPG'),
(232526, '05ENLND'),
(232532, '01PDYPG'),
(232532, '01QYPPG'),
(232532, '02ANYPG'),
(232532, '03AQJPG'),
(232533, '01PDYPG'),
(232533, '01QYPPG'),
(232533, '02ANYPG'),
(232533, '03AQJPG'),
(232536, '05ENLND'),
(232537, '01PDYPG'),
(232537, '01QYPPG'),
(232537, '02ANYPG'),
(232537, '03AQJPG'),
(232559, '01PDYPG'),
(232559, '01QYPPG'),
(232559, '02ANYPG'),
(232559, '03AQJPG'),
(232565, '01PDYPG'),
(232565, '01QYPPG'),
(232565, '02ANYPG'),
(232565, '03AQJPG'),
(232566, '01PDYPG'),
(232566, '01QYPPG'),
(232566, '02ANYPG'),
(232566, '03AQJPG'),
(232568, '01PDYPG'),
(232568, '01QYPPG'),
(232568, '02ANYPG'),
(232568, '03AQJPG'),
(232572, '01PDYPG'),
(232572, '01QYPPG'),
(232572, '02ANYPG'),
(232572, '03AQJPG'),
(232576, '05ENLND'),
(232593, '01QKLPG'),
(232593, '01QYPPG'),
(232726, '01PDYPG'),
(232726, '01QYPPG'),
(232726, '02ANYPG'),
(232726, '03AQJPG'),
(232824, '01JEFPG'),
(232824, '01PDYPG'),
(232824, '01QYPPG'),
(232824, '02ANYPG'),
(232824, '03AQJPG'),
(232937, '01PDYPG'),
(232937, '01QYPPG'),
(232937, '02ANYPG'),
(232937, '03AQJPG'),
(232938, '01PDYPG'),
(232938, '01QYPPG'),
(232938, '02ANYPG'),
(232938, '03AQJPG'),
(232939, '01PDYPG'),
(232939, '01QYPPG'),
(232939, '02ANYPG'),
(232939, '03AQJPG'),
(232939, '03AQRPG'),
(232939, '05ENLPG'),
(232985, '01PDYPG'),
(232985, '01PQTPG'),
(232985, '01QYPPG'),
(232985, '02ANYPG'),
(232985, '03AQJPG'),
(232991, '01PDYPG'),
(232991, '01QYPPG'),
(232991, '02ANYPG'),
(232991, '03AQJPG'),
(232993, '01PDYPG'),
(232993, '01QYPPG'),
(232993, '02ANYPG'),
(232993, '03AQJPG'),
(233007, '01PDYPG'),
(233007, '01QYPPG'),
(233007, '02ANYPG'),
(233007, '03AQJPG'),
(233021, '01PDYPG'),
(233021, '01QYPPG'),
(233021, '02ANYPG'),
(233021, '03AQJPG'),
(233029, '01PDYPG'),
(233029, '01QYPPG'),
(233029, '02ANYPG'),
(233029, '03AQJPG'),
(233049, '01PDYPG'),
(233049, '02ANYPG'),
(233049, '03AQJPG'),
(233050, '01PDYPG'),
(233050, '01QYPPG'),
(233050, '02ANYPG'),
(233050, '03AQJPG'),
(233059, '01QGDNG'),
(233069, '01PDZPG'),
(233069, '01QGDNG'),
(233070, '01QGDNG'),
(233094, '01PDYPG'),
(233094, '01QYPPG'),
(233094, '02ANYPG'),
(233094, '03AQJPG'),
(233134, '01JEFPG'),
(233134, '01PQTPG'),
(233134, '01QGDNG'),
(233208, '01PDYPG'),
(233208, '01QYPPG'),
(233208, '02ANYPG'),
(233208, '03AQJPG'),
(233229, '05ENLND'),
(233257, '05ENLND'),
(233260, '01QGDNG'),
(233263, '05ENLND'),
(233307, '05ENLND'),
(233314, '05ENLND'),
(233325, '01PDYPG'),
(233325, '01QYPPG'),
(233325, '02ANYPG'),
(233325, '02CIXPG'),
(233325, '02PBVPG'),
(233325, '03AQJPG'),
(233325, '09AQGPG'),
(233336, '01QGDNG'),
(233350, '05ENLND'),
(233378, '01PDYPG'),
(233378, '01QYPPG'),
(233378, '02ANYPG'),
(233378, '02CIXPG'),
(233378, '02PBVPG'),
(233378, '03AQJPG'),
(233378, '09AQGPG'),
(233385, '01PDYPG'),
(233385, '01QYPPG'),
(233385, '02ANYPG'),
(233385, '03AQJPG'),
(233387, '01PDYPG'),
(233387, '01QYPPG'),
(233387, '02ANYPG'),
(233387, '02CIXPG'),
(233387, '02PBVPG'),
(233387, '03AQJPG'),
(233387, '09AQGPG'),
(233391, '01KSUPG'),
(233391, '01PDYPG');
INSERT INTO `iscrizione` (`matricola`, `codins`) VALUES
(233391, '01QYPPG'),
(233391, '02ANYPG'),
(233391, '02CIXPG'),
(233391, '02PBVPG'),
(233391, '03AQJPG'),
(233391, '09AQGPG'),
(233393, '01PDYPG'),
(233393, '01QYPPG'),
(233393, '02ANYPG'),
(233393, '02CIXPG'),
(233393, '02PBVPG'),
(233393, '03AQJPG'),
(233393, '09AQGPG'),
(233407, '01PDYPG'),
(233407, '01QYPPG'),
(233407, '02ANYPG'),
(233407, '03AQJPG'),
(233414, '01PDYPG'),
(233414, '01QYPPG'),
(233414, '02ANYPG'),
(233414, '03AQJPG'),
(233415, '01PDYPG'),
(233415, '01QYPPG'),
(233415, '02ANYPG'),
(233415, '02CIXPG'),
(233415, '02PBVPG'),
(233415, '03AQJPG'),
(233415, '09AQGPG'),
(233425, '01PDYPG'),
(233425, '01QYPPG'),
(233425, '03AQJPG'),
(233428, '01PDYPG'),
(233428, '01QYPPG'),
(233428, '02ANYPG'),
(233428, '03AQJPG'),
(233429, '01PDYPG'),
(233429, '01QYPPG'),
(233429, '02ANYPG'),
(233429, '02CIXPG'),
(233429, '02PBVPG'),
(233429, '03AQJPG'),
(233429, '09AQGPG'),
(233437, '02CIXPG'),
(233437, '02PBVPG'),
(233437, '09AQGPG'),
(233444, '01PDYPG'),
(233444, '01QYPPG'),
(233444, '02ANYPG'),
(233444, '02CIXPG'),
(233444, '02PBVPG'),
(233444, '03AQJPG'),
(233444, '09AQGPG'),
(233448, '01PDYPG'),
(233448, '01QYPPG'),
(233448, '02ANYPG'),
(233448, '03AQJPG'),
(233451, '01PDYPG'),
(233451, '01QYPPG'),
(233451, '02ANYPG'),
(233451, '02CIXPG'),
(233451, '02PBVPG'),
(233451, '03AQJPG'),
(233451, '09AQGPG'),
(233456, '01PDYPG'),
(233456, '01QYPPG'),
(233456, '02ANYPG'),
(233456, '03AQJPG'),
(233459, '01PDYPG'),
(233459, '01QYPPG'),
(233459, '02ANYPG'),
(233459, '03AQJPG'),
(233461, '01PDYPG'),
(233461, '01QYPPG'),
(233461, '02ANYPG'),
(233461, '02CIXPG'),
(233461, '02PBVPG'),
(233461, '03AQJPG'),
(233461, '09AQGPG'),
(233462, '01PDYPG'),
(233462, '01QYPPG'),
(233462, '02ANYPG'),
(233462, '02CIXPG'),
(233462, '02PBVPG'),
(233462, '03AQJPG'),
(233462, '09AQGPG'),
(233464, '01PDYPG'),
(233464, '01QYPPG'),
(233464, '02ANYPG'),
(233464, '02CIXPG'),
(233464, '02PBVPG'),
(233464, '03AQJPG'),
(233464, '09AQGPG'),
(233466, '01PDYPG'),
(233466, '01QYPPG'),
(233466, '02ANYPG'),
(233466, '03AQJPG'),
(233467, '01PDYPG'),
(233467, '01QYPPG'),
(233467, '02ANYPG'),
(233467, '03AQJPG'),
(233469, '01PDYPG'),
(233469, '01QYPPG'),
(233469, '02ANYPG'),
(233469, '02CIXPG'),
(233469, '02PBVPG'),
(233469, '03AQJPG'),
(233469, '09AQGPG'),
(233470, '01PDYPG'),
(233470, '01QYPPG'),
(233470, '02ANYPG'),
(233470, '02CIXPG'),
(233470, '02PBVPG'),
(233470, '03AQJPG'),
(233470, '09AQGPG'),
(233471, '01PDYPG'),
(233471, '01QYPPG'),
(233471, '02ANYPG'),
(233471, '02CIXPG'),
(233471, '02PBVPG'),
(233471, '03AQJPG'),
(233471, '09AQGPG'),
(233472, '01PDYPG'),
(233472, '01QYPPG'),
(233472, '02ANYPG'),
(233472, '02CIXPG'),
(233472, '02PBVPG'),
(233472, '03AQJPG'),
(233472, '09AQGPG'),
(233473, '01PDYPG'),
(233473, '01QYPPG'),
(233473, '02ANYPG'),
(233473, '03AQJPG'),
(233474, '01PDYPG'),
(233474, '01QYPPG'),
(233474, '02ANYPG'),
(233474, '03AQJPG'),
(233475, '01PDYPG'),
(233475, '01QYPPG'),
(233475, '02ANYPG'),
(233475, '02CIXPG'),
(233475, '02PBVPG'),
(233475, '03AQJPG'),
(233475, '09AQGPG'),
(233477, '01PDYPG'),
(233477, '01QYPPG'),
(233477, '02ANYPG'),
(233477, '02CIXPG'),
(233477, '02PBVPG'),
(233477, '03AQJPG'),
(233477, '09AQGPG'),
(233486, '01JEFPG'),
(233486, '01PDYPG'),
(233486, '01QYPPG'),
(233486, '02ANYPG'),
(233486, '03AQJPG'),
(233487, '01PDYPG'),
(233487, '01QYPPG'),
(233487, '02ANYPG'),
(233487, '02CIXPG'),
(233487, '02PBVPG'),
(233487, '03AQJPG'),
(233487, '09AQGPG'),
(233489, '01PDYPG'),
(233489, '01QYPPG'),
(233489, '02ANYPG'),
(233489, '02CIXPG'),
(233489, '02PBVPG'),
(233489, '03AQJPG'),
(233489, '09AQGPG'),
(233490, '01PDYPG'),
(233490, '01QYPPG'),
(233490, '02ANYPG'),
(233490, '02CIXPG'),
(233490, '02PBVPG'),
(233490, '03AQJPG'),
(233490, '09AQGPG'),
(233491, '01PDYPG'),
(233491, '01QYPPG'),
(233491, '02ANYPG'),
(233491, '02CIXPG'),
(233491, '02PBVPG'),
(233491, '03AQJPG'),
(233491, '09AQGPG'),
(233492, '01PDYPG'),
(233492, '01QYPPG'),
(233492, '02ANYPG'),
(233492, '02CIXPG'),
(233492, '02PBVPG'),
(233492, '03AQJPG'),
(233492, '09AQGPG'),
(233500, '01PDYPG'),
(233500, '01QYPPG'),
(233500, '02ANYPG'),
(233500, '03AQJPG'),
(233501, '01PDYPG'),
(233501, '01QYPPG'),
(233501, '02ANYPG'),
(233501, '03AQJPG'),
(233506, '01PDYPG'),
(233506, '01QYPPG'),
(233506, '02ANYPG'),
(233506, '03AQJPG'),
(233507, '01PDYPG'),
(233507, '01QYPPG'),
(233507, '02ANYPG'),
(233507, '03AQJPG'),
(233511, '01PDYPG'),
(233511, '01QYPPG'),
(233511, '02ANYPG'),
(233511, '03AQJPG'),
(233512, '01PDYPG'),
(233512, '01QYPPG'),
(233512, '02ANYPG'),
(233512, '02CIXPG'),
(233512, '02PBVPG'),
(233512, '03AQJPG'),
(233512, '09AQGPG'),
(233513, '01PDYPG'),
(233513, '01QYPPG'),
(233513, '02ANYPG'),
(233513, '02CIXPG'),
(233513, '02PBVPG'),
(233513, '03AQJPG'),
(233513, '09AQGPG'),
(233514, '01PDYPG'),
(233514, '01QYPPG'),
(233514, '02ANYPG'),
(233514, '03AQJPG'),
(233515, '01PDYPG'),
(233515, '02ANYPG'),
(233515, '03AQJPG'),
(233516, '01KSUPG'),
(233516, '01PDYPG'),
(233516, '01QYPPG'),
(233516, '02ANYPG'),
(233516, '03AQJPG'),
(233517, '01PDYPG'),
(233517, '01QYPPG'),
(233517, '02ANYPG'),
(233517, '02CIXPG'),
(233517, '02PBVPG'),
(233517, '03AQJPG'),
(233517, '09AQGPG'),
(233518, '01PDYPG'),
(233518, '01QYPPG'),
(233518, '02ANYPG'),
(233518, '02CIXPG'),
(233518, '02PBVPG'),
(233518, '03AQJPG'),
(233518, '09AQGPG'),
(233523, '01PDYPG'),
(233523, '01QYPPG'),
(233523, '02ANYPG'),
(233523, '02CIXPG'),
(233523, '02PBVPG'),
(233523, '03AQJPG'),
(233523, '09AQGPG'),
(233529, '01PDYPG'),
(233529, '01QYPPG'),
(233529, '02ANYPG'),
(233529, '02CIXPG'),
(233529, '02PBVPG'),
(233529, '03AQJPG'),
(233529, '09AQGPG'),
(233542, '01PDYPG'),
(233542, '01QYPPG'),
(233542, '02ANYPG'),
(233542, '03AQJPG'),
(235180, '02PBVPG'),
(235180, '09AQGPG'),
(236439, '02CIXPG'),
(236439, '02PBVPG'),
(236439, '09AQGPG'),
(237251, '02PBVPG'),
(237251, '09AQGPG'),
(237664, '02CIXPG'),
(237664, '09AQGPG'),
(508209, '18AKSOA');

-- --------------------------------------------------------

--
-- Table structure for table `studente`
--

CREATE TABLE `studente` (
  `matricola` int(11) NOT NULL,
  `cognome` varchar(50) DEFAULT NULL,
  `nome` varchar(50) DEFAULT NULL,
  `CDS` varchar(50) DEFAULT NULL,
  PRIMARY KEY (`matricola`)
) ENGINE=InnoDB DEFAULT CHARSET=utf8;

--
-- Dumping data for table `studente`
--

INSERT INTO `studente` (`matricola`, `cognome`, `nome`, `CDS`) VALUES
(508209, 'POSSAMAI', 'ROBERTO', 'INF1T3'),
(237664, 'IANNACCONE', 'ARMANDO', 'GESZT4'),
(237251, 'GIANNATTASIO', 'FRANCESCO', 'GESZT4'),
(236439, 'TESTA', 'MARCO', 'GESZT4'),
(235180, 'NUCCI', 'STEFANO', 'GESZT4'),
(233542, 'PERRI', 'ALESSIO', 'GESZT4'),
(233529, 'CARBONERO', 'LUCA', 'GESZT4'),
(233523, 'D''AMICO', 'ELETTRA', 'GESZT4'),
(233518, 'BOLLA', 'MATTEO', 'GESZT4'),
(233517, 'SILVERA', 'FRANCESCO', 'GESZT4'),
(233516, 'MUSSI', 'SIMONA', 'GESZT4'),
(233515, 'FINETTI', 'FEDERICO', 'GESZT4'),
(233514, 'RINAUDO', 'LORENZO', 'GESZT4'),
(233513, 'VANELLA', 'ILENIA', 'GESZT4'),
(233512, 'RAPILLO', 'GIOVANNI', 'GESZT4'),
(233511, 'RIZZO', 'GIUSEPPE', 'GESZT4'),
(233507, 'BOLMIDA', 'MARCO', 'GESZT4'),
(233506, 'GALLO', 'ENRICO', 'GESZT4'),
(233501, 'TALLONE', 'DAVIDE', 'GESZT4'),
(233500, 'VAZZANA', 'FEDERICA CHIARA', 'GESZT4'),
(233492, 'SPECCHIA', 'TOMASIA', 'GESZT4'),
(233491, 'PASSANNANTE', 'ALESSANDRA', 'GESZT4'),
(233490, 'SCELZO', 'DAVIDE', 'GESZT4'),
(233489, 'MICARI', 'ALDO', 'GESZT4'),
(233487, 'PANTONE', 'ENRICO', 'GESZT4'),
(233486, 'POSTORINO', 'MARCO', 'GESZT4'),
(233477, 'TEIXEIRA BRITO', 'BRUNO', 'GESZT4'),
(233475, 'PENNISI', 'ORAZIO ANTONINO MARIA', 'GESZT4'),
(233474, 'TAUTONICO', 'ENRICO', 'GESZT4'),
(233473, 'ROCCHETTI', 'LEONARDO', 'GESZT4'),
(233472, 'VAI', 'NICOLO''', 'GESZT4'),
(233471, 'PASTORELLI', 'STEFANO', 'GESZT4'),
(233470, 'ROSA', 'RICCARDO', 'GESZT4'),
(233469, 'CORNACCHIA', 'LORENZO', 'GESZT4'),
(233467, 'LIACI', 'CHIARA', 'GESZT4'),
(233466, 'DANNAWI', 'USSAMA', 'GESZT4'),
(233464, 'GALLUCCI', 'ALESSANDRO', 'GESZT4'),
(233462, 'DE CET', 'FEDERICO', 'GESZT4'),
(233461, 'MACCAGNO', 'MARICA', 'GESZT4'),
(233459, 'COSENTINO', 'FRANCESCA', 'GESZT4'),
(233456, 'COLAMAIO', 'CLAUDIA', 'GESZT4'),
(233451, 'BARRA', 'ANDREA', 'GESZT4'),
(233448, 'LEVEQUE', 'PHILIPPE', 'GESZT4'),
(233444, 'FUSCO', 'ANTONIA', 'GESZT4'),
(233437, 'LYU', 'YUANJIN', 'GESZT4'),
(233429, 'BALDACCHINO', 'CAROLINA', 'GESZT4'),
(233428, 'GIUDICE', 'RICCARDO', 'GESZT4'),
(233425, 'FILARDO', 'SARA', 'GESZT4'),
(233415, 'MALAMISURA', 'MICHELE', 'GESZT4'),
(233414, 'CAPUTO', 'SIMONE', 'GESZT4'),
(233407, 'D''ARGENTO', 'NICOLO''', 'GESZT4'),
(233393, 'INGUI', 'LUNA', 'GESZT4'),
(233391, 'GABETTI', 'ELEONORA', 'GESZT4'),
(233387, 'GIGLIO', 'LUCA', 'GESZT4'),
(233385, 'CARRIERO', 'FRANCESCO', 'GESZT4'),
(233378, 'D''AVERSA', 'DARIO', 'GESZT4'),
(233350, 'STERMIERI', 'LIDIA', 'ENUZT1'),
(233336, 'TRAINI', 'EMILIANO', 'MTMZT1'),
(233325, 'BIAGELLI', 'MARCO', 'GESZT4'),
(233314, 'COLANERI', 'ELISA', 'ENUZT1'),
(233307, 'IAZZETTA', 'CHIARA', 'ENUZT1'),
(233263, 'QUAGLIA', 'RICCARDO', 'ENUZT1'),
(233260, 'BAUDINO', 'SABRINA', 'MTMZT1'),
(233257, 'MARIUZZO', 'IVAN', 'ENUZT1'),
(233229, 'BEDETTI', 'LUCA', 'ENUZT1'),
(233208, 'BOCCADAMO', 'GIULIA', 'GESZT4'),
(233134, 'TROGOLO', 'ENRICO', 'MTMZT1'),
(233094, 'CAMPILONGO', 'FEDERICA', 'GESZT4'),
(233070, 'FASSI', 'IRENE', 'MTMZT1'),
(233069, 'TURTURIELLO', 'LEONARDO', 'MTMZT1'),
(233059, 'MORABITO', 'LUCREZIA', 'MTMZT1'),
(233050, 'BOVINO', 'FLAVIO', 'GESZT4'),
(233049, 'SANTORO', 'MICHELE', 'GESZT4'),
(233029, 'ROSIGNOLI', 'LUCIA', 'GESZT4'),
(233021, 'MUCCI', 'ADRIANO', 'GESZT4'),
(233007, 'PARDO', 'FLAVIO', 'GESZT4'),
(232993, 'MOLLO', 'FABIANA', 'GESZT4'),
(232991, 'D''AGNOLO', 'NICOLO'' LUIGI', 'GESZT4'),
(232985, 'ALESSANDRINI', 'GIAN MARCO', 'GESZT4'),
(232939, 'MAUCERI', 'ROBERTO', 'GESZT4'),
(232938, 'SCOGNAMIGLIO', 'LAURA', 'GESZT4'),
(232937, 'OLIVA', 'MARIANO', 'GESZT4'),
(232824, 'SPERA', 'FRANCESCO', 'GESZT4'),
(232726, 'SICILIANO', 'MAURO', 'GESZT4'),
(232593, 'SALDARRIAGA LONDONO', 'SARA', ''),
(232576, 'CANE', 'DALILA', 'ENUZT1'),
(232572, 'CRISTIANO', 'MARIO', 'GESZT4'),
(232568, 'GUARINO', 'ROSARIO', 'GESZT4'),
(232566, 'BERTUCA', 'FLAVIA', 'GESZT4'),
(232565, 'CAVALLARO', 'MARIANO', 'GESZT4'),
(232559, 'PULICE', 'GIUSEPPE', 'GESZT4'),
(232537, 'LANUTO', 'MARIA GIOVANNA', 'GESZT4'),
(232536, 'IURATO', 'CLAUDIA', 'ENUZT1'),
(232533, 'LUPO', 'PAMINA', 'GESZT4'),
(232532, 'FIORE', 'ANDREA', 'GESZT4'),
(232526, 'LIGGIO', 'EMANUELE', 'ENUZT1'),
(232509, 'BENSI', 'IRENE', 'GESZT4'),
(232506, 'BALLERINI', 'CRISTINA', 'ENUZT1'),
(232505, 'LUCCHI', 'MARCO', 'GESZT4'),
(232504, 'DEMONTE', 'FRANCESCO', 'GESZT4'),
(232487, 'CALCAGNO', 'LORENZO', 'ENUZT1'),
(232485, 'PETRONELLA', 'GIUSEPPE', 'ENUZT1'),
(232444, 'CAPRIO', 'FEDERICA', 'GESZT4'),
(232431, 'LIGUORI', 'MARCO', 'GESZT4'),
(232429, 'INDINO', 'FRANCESCA', 'GESZT4'),
(232420, 'YAMINE', 'HAMZA', 'INFZT3'),
(232412, 'TERENZI', 'ANDREA', 'ENUZT1'),
(232387, 'GENTILI', 'ALESSANDRO', 'GESZT4'),
(232342, 'DESTEFANIS', 'ALESSIO', 'GESZT4'),
(232339, 'MONTICONE', 'MARCO', 'GESZT4'),
(232320, 'FERRARA', 'MONICA', 'MTMZT1'),
(232317, 'DE FILIPPO', 'THOMAS', 'GESZT4'),
(232313, 'DEIDERI', 'MATTEO', 'GESZT4'),
(232306, 'PICCATTO', 'FEDERICA', 'GESZT4'),
(232305, 'NEGRO', 'MARCO', 'GESZT4'),
(232302, 'PINNA', 'ALESSANDRO', ''),
(232301, 'BAIADA', 'GIACOMO', 'GESZT4'),
(232300, 'GOBBI', 'RICCARDO', 'GESZT4'),
(232296, 'DALMASSO', 'STEFANO', 'GESZT4'),
(232295, 'DAMONTE', 'LUCA', 'MTMZT1'),
(232293, 'PATRONE', 'SIMONE', 'GESZT4'),
(232282, 'GIAMMONA', 'MANUELE', 'ENUZT1'),
(232276, 'CUCCHIETTI', 'GIANLUCA', 'GESZT4'),
(232269, 'CAFA''', 'JOSEPH', 'GESZT4'),
(232262, 'FERRO', 'ANNA MARIA', 'GESZT4'),
(232260, 'LEONELLI', 'SIMONE MARIO', 'GESZT4'),
(232255, 'GEMITI', 'RAFFAELE', 'GESZT4'),
(232254, 'RAINAUDO', 'MATTEO', 'GESZT4'),
(232253, 'COGONI', 'NICOLA', 'GESZT4'),
(232251, 'PECETTO', 'ALESSANDRO', 'GESZT4'),
(232237, 'VINAI', 'ELENA', 'GESZT4'),
(232233, 'ACOTTO GAIO', 'MARTINA', 'GESZT4'),
(232229, 'SCOLLO', 'LUANA', 'GESZT4'),
(232223, 'DELLI NOCI', 'MAURO', 'GESZT4'),
(232221, 'NARDI', 'ROBERTA', 'GESZT4'),
(232217, 'GIARDINO', 'OTELLO STEFANO', 'GESZT4'),
(232216, 'BRIZZI', 'ANDREA', 'GESZT4'),
(232214, 'SELVATICO', 'ALICE', 'ENUZT1'),
(232211, 'PALLADINO', 'MATTEO', 'GESZT4'),
(232210, 'MALANCA', 'IRENE', 'ENUZT1'),
(232179, 'CATELLANI', 'LORENZO', 'ENUZT1'),
(232140, 'ABBATICCHIO', 'VALENTINA', 'ENUZT1'),
(232119, 'SIMEONE', 'CARLO', 'ENUZT1'),
(232010, 'MELIA', 'CARLA FEDERICA', 'MTMZT1'),
(231994, 'BASILE', 'CLAUDIO', 'GESZT4'),
(231991, 'FRACCHIOLLA', 'VITALESSANDRO', 'GESZT4'),
(231927, 'RUSSO', 'EDOARDO', 'GESZT4'),
(231926, 'ORCIUOLI', 'MARCO', 'GESZT4'),
(231919, 'GENTA', 'LUCA', 'GESZT4'),
(231907, 'GAGLIANO', 'SANDRO', 'INFZT3'),
(231851, 'DANIELLE', 'STEFANO', 'GESZT4'),
(231835, 'FACCO', 'CAMILLA', 'GESZT4'),
(231832, 'GIORDANO', 'ALICE', 'GESZT4'),
(231803, 'COLUCCI', 'CHIARA', 'GESZT4'),
(231770, 'VALLETTI', 'NICOLO''', 'GESZT4'),
(231764, 'EPIFANI', 'ANTONELLA', 'GESZT4'),
(231751, 'BOTTARO', 'CAMILLA', 'GESZT4'),
(231740, 'PULLARA', 'CARMELO', 'GESZT4'),
(231730, 'TORTORA', 'ANDREA', 'ENUZT1'),
(231706, 'FONTAN', 'FRANCESCO', 'MTMZT1'),
(231703, 'BARBIERO', 'MARCO', 'GESZT4'),
(231699, 'D''ARCONSO', 'GIAMPIERO', 'GESZT4'),
(231693, 'PELLEGRINO', 'GIULIA', 'GESZT4'),
(231655, 'SAJA', 'ALEX', 'MTMZT1'),
(231653, 'BARBARA', 'MARCO', 'ENUZT1'),
(231637, 'VAGLICA', 'GIOVANNI', 'INFZT3'),
(231627, 'BISCEGLIA', 'ROSSELLA', 'GESZT4'),
(231555, 'MEDDIS', 'ALESSANDRA', 'MTMZT1'),
(231551, 'GATTUSO', 'GIULIA', 'GESZT4'),
(231548, 'QUATRINI', 'FRANCESCO', 'GESZT4'),
(231537, 'ZANGHI''', 'ANTONIO', 'ENUZT1'),
(231500, 'DI TOMASO', 'FELICE', 'ENUZT1'),
(231491, 'TOMAIUOLO', 'DANIELE', 'GESZT4'),
(231486, 'COLAIACOMO', 'GIANLUCA', 'GESZT4'),
(231483, 'PISTELLI', 'ILARIA', 'GESZT4'),
(231458, 'DI GIORGIO', 'MANUELE', 'ENUZT1'),
(231441, 'SPAGNOLO', 'GIUSEPPE', 'GESZT4'),
(231427, 'CARMOSINO', 'FRANCESCO', 'GESZT4'),
(231424, 'D''AMELIO', 'ARIANNA', 'GESZT4'),
(231413, 'BARATTI', 'ANDREA', 'GESZT4'),
(231407, 'ALVARO', 'FABIO', 'GESZT4'),
(231405, 'FERRARI', 'LAURA', 'GESZT4'),
(231402, 'CARVELLI', 'FABRIZIO', 'GESZT4'),
(231399, 'SOLAZZO', 'ANTONIO', 'GESZT4'),
(231395, 'VIBERTI', 'GIANLUCA', 'GESZT4'),
(231393, 'AZER', 'MARY', 'GESZT4'),
(231392, 'LAZZARINI', 'ALICE', 'GESZT4'),
(231388, 'BERTINI', 'GIUSEPPE', 'GESZT4'),
(231387, 'FACCINI', 'MARCO', 'GESZT4'),
(231385, 'VIETTI', 'MARTA', 'GESZT4'),
(231380, 'PIRRONELLO', 'STEFANO', 'GESZT4'),
(231378, 'PORPORATO', 'ALESSANDRA', 'GESZT4'),
(231374, 'TOMASELLI', 'SIMONA', 'GESZT4'),
(231372, 'GRAMMAURO', 'PAOLA', 'GESZT4'),
(231367, 'LIBERTONE', 'TANIA', 'GESZT4'),
(231366, 'CARPANI', 'ANDREA', 'GESZT4'),
(231365, 'BRAVO', 'DAVIDE', 'GESZT4'),
(231363, 'BUSCA', 'MANUELA', 'GESZT4'),
(231360, 'ANDREOTTI', 'PIETRO', 'GESZT4'),
(231355, 'LEONE', 'SARA', 'GESZT4'),
(231353, 'ROSTAGNO', 'RICCARDO', 'GESZT4'),
(231346, 'GIURBINO', 'FABRIZIO', 'GESZT4'),
(231344, 'AUTIGNA', 'MARTINA', 'GESZT4'),
(231343, 'PAVIGNANO', 'DAVIDE', 'GESZT4'),
(231341, 'MARRA', 'ANDREA', 'GESZT4'),
(231327, 'CAMERA', 'MARCO', 'GESZT4'),
(231325, 'PETICCHIA', 'FLAVIO', 'GESZT4'),
(231320, 'GARINO', 'SOFIA', 'GESZT4'),
(231315, 'BARICCO', 'CATERINA', 'ENUZT1'),
(231306, 'MAURO', 'ALESSANDRO', 'GESZT4'),
(231300, 'CARDELLA', 'DAVIDE SANTO', 'GESZT4'),
(231297, 'ALBANO', 'VALERIO', 'GESZT4'),
(231281, 'GEROMETTA', 'PAOLA', 'GESZT4'),
(231276, 'BIEKMANN', 'GIULIA', 'GESZT4'),
(231273, 'ROSATI', 'ALESSANDRO', 'GESZT4'),
(231242, 'BELLINI', 'BENEDETTO', 'GESZT4'),
(231240, 'MIZZARO', 'DAVIDE', 'GESZT4'),
(231227, 'SILVI', 'DAVIDE', 'GESZT4'),
(231223, 'MIRABELLA', 'ALICE', 'GESZT4'),
(231221, 'ROLFO', 'ANDREA', 'ENUZT1'),
(231218, 'CAGNAZZO', 'FRANCESCO', 'GESZT4'),
(231214, 'MONDINO', 'GIORGIA', 'GESZT4'),
(231207, 'GUALCO', 'ALESSANDRA', 'GESZT4'),
(231203, 'GRITTANI', 'MATTEO', 'ENUZT1'),
(231201, 'BERTOLONE', 'SARAH', 'GESZT4'),
(231185, 'PERUGINI', 'ANDREA', 'GESZT4'),
(231182, 'PETINI', 'LUCA', 'GESZT4'),
(231178, 'BRUSASCO', 'ALESSANDRO', 'GESZT4'),
(231177, 'MAISTO', 'ANDREA', 'GESZT4'),
(231170, 'MODESTI', 'DAVIDE', 'GESZT4'),
(231167, 'CHIARAPPA', 'NICOLA', 'INFZT3'),
(231162, 'ROSSO', 'GIACOMO', 'GESZT4'),
(231160, 'MARENCO DE ROSSI DI SANTAROSA', 'ODDONE', 'GESZT4'),
(231156, 'MONTELEONE', 'FEDERICA', 'GESZT4'),
(231152, 'GHIRLANDA', 'GIANLUCA', 'ENUZT1'),
(231147, 'PLUCHINO', 'GABRIELE', 'GESZT4'),
(231134, 'PIGOZZI', 'GIUSEPPE', 'ENUZT1'),
(231126, 'CITTADINO', 'LORENZO', 'GESZT4'),
(231118, 'GENTA', 'NICOLO''', 'ENUZT1'),
(231117, 'DONATO', 'DANIELE', 'GESZT4'),
(231098, 'LEONARDI', 'MARCO', 'GESZT4'),
(231095, 'NOTA', 'LUCIA', 'GESZT4'),
(231084, 'MAGRO', 'GIANLUCA', 'GESZT4'),
(231083, 'PARRETTA', 'ADELE', 'GESZT4'),
(231077, 'MATTALIA', 'ANDREA', 'GESZT4'),
(231061, 'QUATTROCCHI', 'MARTINA', 'GESZT4'),
(231060, 'POSSETTO', 'MICHELA', 'GESZT4'),
(231030, 'LO PRESTI', 'FRANCESCO', 'GESZT4'),
(231023, 'SERRA', 'FEDERICA', 'GESZT4'),
(231017, 'PIAZZA', 'VINCENZO', 'ENUZT1'),
(231013, 'IMMEDIATO', 'SIMONE', 'GESZT4'),
(231008, 'FASSI', 'CHIARA', 'GESZT4'),
(231006, 'MAGGIORANO', 'MARCO', 'GESZT4'),
(231004, 'MOLEDDA', 'ANGELO', 'GESZT4'),
(231003, 'GALLO', 'MARCO', 'GESZT4'),
(231002, 'FORNARELLI', 'ELENA', 'GESZT4'),
(230993, 'PUOPOLO', 'GIUSEPPE', 'GESZT4'),
(230978, 'POLO', 'LAURA', 'GESZT4'),
(230976, 'PICCIARIELLO', 'FRANCESCO', 'INFZT3'),
(230957, 'SCANDURA', 'LAURA', 'ENUZT1'),
(230955, 'BACCO', 'VINCENZO PAOLO', 'INFZT3'),
(230931, 'VITALE', 'DAVIDE', 'GESZT4'),
(230910, 'PINTO', 'VIVIANA LAURA', 'MTMZT1'),
(230898, 'PERILLO', 'ALESSANDRO', 'GESZT4'),
(230820, 'CARINI', 'ANDREA', 'ENUZT1'),
(230794, 'MONACO', 'FLORINDA', 'GESZT4'),
(230781, 'SCATAMACCHIA', 'PASQUALE', 'GESZT4'),
(230682, 'VIGHINI', 'MIRCO', 'GESZT4'),
(230668, 'AVIGNONE', 'ANGELA', 'GESZT4'),
(230648, 'LANCIEN', 'AURELIE', 'PRO1N1'),
(230628, 'ZARA', 'NOEMI', 'GESZT4'),
(230548, 'FACCHI', 'PIERANGELO', 'INF1T3'),
(230533, 'ARINO', 'MARTINA', 'GESZT4'),
(230455, 'MUSSO', 'VINCENT', 'PRO1N1'),
(230449, 'STERE', 'CORTO', 'PRO1N1'),
(230443, 'TEBOUL', 'SACHA', 'PRO1N1'),
(230383, 'BIEMMI', 'PAMELA', 'ENUZT1'),
(230237, 'SCALONA', 'GABRIELE', 'GESZT4'),
(230088, 'LIPIRA', 'MARIA', 'GESZT4'),
(230083, 'VITALE', 'PASQUALE', 'GESZT4'),
(230063, 'AMOROSO', 'LUCA', 'GESZT4'),
(230057, 'PELLICCIA', 'ANTONIO', 'GESZT4'),
(230048, 'CIARAVOLA', 'GIANFRANCO', 'ENUZT1'),
(230047, 'PONTICIELLO', 'ANTIMO', 'GESZT4'),
(230043, 'CASCHERA', 'DANIELE', 'GESZT4'),
(230032, 'BERTON', 'VANESSA', 'GESZT4'),
(229929, 'FEULEFACK', 'ALEX DUCLAIR', 'ENUZT1'),
(229915, 'LI CRASTI', 'STEFANIA', 'ENUZT1'),
(229881, 'LASPIA', 'ALESSANDRO', 'GESZT4'),
(229845, 'VOLPE', 'FLAVIANO', 'ENUZT1'),
(229791, 'VALTERIO', 'GABRIELE', 'GESZT4'),
(229724, 'SANATI', 'HEDYEH', 'GESZT4'),
(229699, 'DISTEFANO', 'ENRICO MARIA ROSARIO', 'GESZT4'),
(229491, 'ALLAIS', 'MATTEO', 'ENUZT1'),
(229457, 'MICELI', 'ADRIANA', 'GESZT4'),
(229453, 'ROSSANO', 'MARCO', 'GESZT4'),
(229215, 'CASTAGNA', 'MATTEO', 'GESZT4'),
(229177, 'NASCA', 'FABIO', 'ENUZT1'),
(229156, 'LAMPARELLI', 'JOLE', 'ENUZT1'),
(229109, 'ROJAS RESTREPO', 'LAURA CECILIA', 'GESZT4'),
(229057, 'CRINO''', 'VITO', 'GESZT4'),
(229023, 'GRAVANTE', 'ARIANNA', 'GESZT4'),
(229001, 'TARIZZO', 'SERENA', 'GESZT4'),
(228903, 'RONDONI', 'MARCO', 'ENUZT1'),
(228641, 'RIVAN', 'GIULIA', 'GESZT4'),
(228480, 'IUDICELLO', 'PLACIDO', 'GESZT4'),
(228394, 'CARMINA', 'GIULIA', 'GESZT4'),
(228318, 'SANFILIPPO', 'STEFANO', 'ENUZT1'),
(228308, 'MOSCARIELLO', 'ELIA', 'GESZT4'),
(228202, 'ESPOSITO', 'NICOLA', 'GESZT4'),
(228151, 'VIVONA', 'SILVIA', 'ENUZT1'),
(227947, 'GIRALDO GALLEGO', 'DANIELA', 'GESZT4'),
(227920, 'SONNI', 'STEFANO', 'GESZT4'),
(227451, 'LLIMONA CUSCO', 'ORIOL', 'PRO1B1'),
(227413, 'GOMEZ BRANCHADELL', 'ORIOL', ''),
(227355, 'HERRERA OMEGNA', 'VALENTINA JAVIERA', 'GESZT4'),
(227334, 'ROMANO', 'MARIANGELA', 'GESZT4'),
(227332, 'SIERVO', 'ROSA MARIA', 'MTMZT1'),
(227328, 'RICOLFI', 'PIETRO', 'GESZT4'),
(227276, 'GAVAZOV', 'ROBERTO', 'GESZT4'),
(227259, 'ESPINA SERRA', 'JOSEP MARIA', 'PRO1B1'),
(227225, 'DIAZ DURANO', 'JUDITH', 'PRO1B1'),
(227117, 'DATTA', 'PIERO', 'PRO1B1'),
(227097, 'DE SEZE', 'GILDAS', 'PRO1N1'),
(227043, 'D''INGRANDO', 'OPHELIE', 'PRO1N1'),
(226891, 'MALGAROLI', 'GABRIELE', 'ENUZT1'),
(226707, 'LORENZONI', 'FRANCESCA', 'GESZT4'),
(226690, 'BASILE', 'ANTONINO', 'GESZT4'),
(226633, 'PINO', 'FEDERICO', 'ENUZT1'),
(226616, 'SEPULVEDA ESCRIBANO', 'DAVID', 'PRO1B1'),
(226613, 'BOU PANIZO', 'FERNANDO', 'PRO1B1'),
(226591, 'MARGUET', 'CAPUCINE ISABELLE MARIE', 'PRO1N1'),
(226581, 'BENOIT', 'MAUD SYLVIE JACQUELINE', 'PRO1N1'),
(226560, 'LORENZO PENALVA DEL POZO', 'INES', 'PRO1B1'),
(226524, 'NAPOLITANO', 'DOMENICO', 'GESZT4'),
(226462, 'BARRACHINA GAFARELO', 'CARLA', 'PRO1B1'),
(226420, 'MUELAS MOYA', 'PABLO', ''),
(226418, 'ZANIBONI', 'GIULIO', 'ENUZT1'),
(226323, 'CONDE ROIGE', 'ESTER CARME', 'PRO1B1'),
(226143, 'MONTANO BELLO', 'DANIELA', ''),
(226118, 'LOPES MIRANDA', 'ANA RAQUEL', ''),
(226085, 'MENDIVIL ABASCAL', 'MARIA JOSEFA', ''),
(226075, 'MUCCIANTE', 'MARIANNA', 'GESZT4'),
(226026, 'URIARTE MAYORA', 'KORO ITSASO', ''),
(225876, 'SCALETTA', 'GIORGIA', 'MTMZT1'),
(225743, 'BARAUT MARSAL', 'ESTEVE', ''),
(225740, 'MAYA MARTINEZ', 'MARIANA', ''),
(225691, 'LOMBARDI', 'DANIEL', ''),
(225574, 'COCCO', 'ROBERTA', 'GESZT4'),
(225556, 'TESTA', 'PAOLO', 'GESZT4'),
(225539, 'MISERENDINO', 'MARCO', 'ENUZT1'),
(225526, 'ROSSI ESTEVES', 'ALESSANDRO JOSE', 'GESZT4'),
(225515, 'GERACE', 'FRANCESCO', 'GESZT4'),
(225428, 'ALEMAN IZCO', 'DANIEL ENRIQUE', ''),
(225376, 'LURGO', 'CHIARA', 'INFZT3'),
(225363, 'SOLANO', 'GIUSEPPE', 'GESZT4'),
(225309, 'TORRES CASTRO', 'JULIAN CAMILO', 'GESZT4'),
(225249, 'GRANDONI', 'MELANY ALEXIA', ''),
(225246, 'BLASI', 'DANIELA', 'GESZT4'),
(225213, 'CAROLI', 'SIMONE', 'ENUZT1'),
(225181, 'DE DONNO', 'LORENZO', 'ENUZT1'),
(225146, 'LOPEZ HERNANDEZ', 'HERNAN FELIPE', 'ENUZT1'),
(225088, 'GARCIA OBANDO', 'CAMILO', 'GESZT4'),
(225087, 'VILLA HINCAPIE', 'VALERIA', 'GESZT4'),
(225081, 'CARROZZA', 'ANTONIO', 'GESZT4'),
(225010, 'VEGINI', 'JOAO GUILHERME', ''),
(225007, 'TORRES FROZONI', 'JULIA', ''),
(225006, 'TARQUINIO OLIVEIRA', 'TIAGO', ''),
(225005, 'TARQUINIO OLIVEIRA', 'FELIPE', ''),
(224987, 'MESSINA', 'ALESSIO', 'ENUZT1'),
(224976, 'LISCIANDRELLO', 'CIRO', 'ENUZT1'),
(224971, 'ZARZANA', 'ANTONIO', 'ENUZT1'),
(224969, 'SCHIERA', 'DANIELE SALVATORE', 'ENUZT1'),
(224935, 'LOURENCO LACERDA', 'PEDRO', ''),
(224933, 'LIMA PEREIRA', 'THIAGO', ''),
(224932, 'DA SILVA TOMOTO', 'ARUANI LETICIA', ''),
(224931, 'BRACCO', 'DAVIDE', 'GESZT4'),
(224901, 'BIAN MBANG', 'EMILE SEVERIN', 'ENUZT1'),
(224900, 'SAVOLDI', 'GIACOMO', 'GESZT4'),
(224894, 'KHTIRI', 'HOUDA', 'ENUZT1'),
(224877, 'BASSIGNANA', 'GIULIA', 'MTMZT1'),
(224859, 'PRESTIA', 'LORENZO', 'GESZT4'),
(224815, 'CELONE', 'MATTEO', ''),
(224804, 'CARDOSO GIACHINI', 'ANA CAROLINA', ''),
(224800, 'CAPRILHONE GUGELMIN', 'RAPHAELA', ''),
(224788, 'BAZZANO', 'SARA', 'MECZT1'),
(224744, 'NINI', 'GIOVANNI', 'INFZT3'),
(224733, 'DE SOUZA E ALMEIDA', 'IVAN PEDRO', ''),
(224682, 'FODERA''', 'ROBERTA', 'GESZT4'),
(224673, 'QUAGLIA', 'SILVIO', 'MECZT1'),
(224668, 'PISTORELLO', 'SARA', 'GESZT4'),
(224643, 'FANTO''', 'FEDERICO', 'GESZT4'),
(224634, 'BONETTO', 'ANDREA', 'ENUZT1'),
(224567, 'ZANELLA', 'ELISA', 'GESZT4'),
(224562, 'CONIGLIO', 'RAFFAELE', 'GESZT4'),
(224541, 'GRANDI', 'MARIA VITTORIA', 'GESZT4'),
(224539, 'UMANA', 'MATTEO', 'GESZT4'),
(224516, 'FEBBRAIOLA', 'CRISTINA', 'MTMZT1'),
(224497, 'CHIANESE', 'GIULIO', 'GESZT4'),
(224491, 'NICOLELLIS', 'VINCENZO', 'GESZT4'),
(224453, 'CAPONE', 'ANTONIO', 'GESZT4'),
(224418, 'DELVINO', 'MICHELE', 'GESZT4'),
(224384, 'IPPOLITO', 'LEANDRO', 'GESZT4'),
(224357, 'FONTANA', 'FEDERICO', 'GESZT4'),
(224316, 'CHERIAN GEORGE', 'TOM', 'GESZT4'),
(224310, 'MORO', 'MARCO', 'GESZT4'),
(224284, 'LO PRESTI', 'RICCARDO', 'GESZT4'),
(224218, 'AUSONI', 'ALESSANDRO', 'GESZT4'),
(224202, 'MANDALA''', 'CHRISTIAN', 'GESZT4'),
(224199, 'MANCINO', 'ELISABETTA', 'GESZT4'),
(224193, 'TURITTO', 'TEA', 'GESZT4'),
(224191, 'RYSALIEVA', 'AYGUL', 'GESZT4'),
(224190, 'CAROSSO', 'MATTEO', 'GESZT4'),
(224172, 'MELAGRANO', 'GIUSEPPE', 'GESZT4'),
(224166, 'MICALIZZI', 'ANGELO', 'GESZT4'),
(224099, 'ROSANO', 'MARIANGELA', 'IISRT9'),
(224055, 'VETRANO', 'ALESSANDRO', 'GESZT4'),
(224048, 'TCHANTCHOU TCHIWE', 'DELICE', 'GESZT4'),
(224047, 'GAGLIANO', 'FRANCESCO', 'GESZT4'),
(224033, 'GORETTI', 'COSTANZA', 'GESZT4'),
(223958, 'PIGOLI', 'MASSIMO', 'GESZT4'),
(223908, 'VALLINO', 'LUCA', 'GESZT4'),
(223824, 'LUCCA', 'ELISA', 'GESZT4'),
(223814, 'CHIAPUSSO', 'ANDREA', 'MECZT1'),
(223756, 'RASO', 'ALESSANDRO', 'GESZT4'),
(223731, 'BELLONE', 'MARCO', 'GESZT4'),
(223707, 'GAETA', 'ALBERTO', 'ENUZT1'),
(223668, 'MANCINI', 'ALDO', 'GESZT4'),
(223642, 'RENZELLI', 'MARCO', 'GESZT4'),
(223611, 'NOVEMBRINI', 'FEDERICO', 'GESZT4'),
(223609, 'DAL PONT', 'GLORIA', 'GESZT4'),
(223502, 'TARALUNGA', 'IOANA ANDREEA', 'GESZT4'),
(222447, 'AIRALDI', 'ARIANNA', 'GESZT4'),
(222399, 'ADDARIO', 'ANTONIO', 'MTMZT1'),
(222395, 'GUARDASCIONE', 'ROSSELLA', 'GESZT4'),
(222388, 'ARCIELLO', 'FRANCESCO MARIA', 'GESZT4'),
(222355, 'FUSILLO', 'MARCO', 'GESZT4'),
(222354, 'CHETRUSCA', 'CONSTANTIN', 'GESZT4'),
(222342, 'MASSAGLIA', 'ALBERTO', 'MECZT1'),
(222335, 'LATTARULO', 'ROBERTO', 'GESZT4'),
(222320, 'MIGNONE', 'GRAZIANA', 'MTMZT1'),
(222308, 'MURONI', 'MARTINA', 'GESZT4'),
(222303, 'BATTAGLIA', 'VINCENZO', 'GESZT4'),
(222300, 'NOCERINO', 'FRANCESCA', 'GESZT4'),
(222295, 'PALMIERI', 'MARIA ASSUNTA', 'MTMZT1'),
(222278, 'CALABRO''', 'BRUNO', 'GESZT4'),
(222244, 'BRANCACCIO', 'FEDERICA', 'GESZT4'),
(222235, 'POLETTI', 'ALESSANDRA', 'GESZT4'),
(222232, 'ROSSI', 'FRANCESCO', 'MTMZT1'),
(222230, 'VALLESIO', 'VALERIO', 'MTMZT1'),
(222216, 'CASTAGNINO', 'GIORGIA', 'GESZT4'),
(222191, 'RAMIREZ LUJAN', 'ROLANDO ISMAEL', 'ENUZT1'),
(222167, 'DELL''ORCO', 'LUCA', 'MECZT1'),
(222157, 'GETTI', 'CORINNE MARIA', 'MECZT1'),
(222145, 'FOLLINI', 'ALESSIO', 'GESZT4'),
(222139, 'FLORIS', 'ROBERTO', 'GESZT4'),
(222095, 'PIEMONTESE', 'FABIO', 'MECZT1'),
(222070, 'ORSI', 'GABRIELE', 'ENUZT1'),
(222068, 'CRESCENZI', 'ALFREDO', 'MECZT1'),
(222065, 'TABOZZI', 'GIOVANNI', 'ENUZT1'),
(222050, 'DESSI'' MANCA', 'ENRICO', 'MECZT1'),
(222037, 'BANDINI', 'ALESSANDRO', 'MECZT1'),
(222034, 'ZEROUAL', 'AYMAN', 'GESZT4'),
(222025, 'GALLI DELLA MANTICA', 'LORENZO', 'GESZT4'),
(222022, 'CARATTO', 'ALESSANDRO', 'ENUZT1'),
(222006, 'SINIGAGLIA', 'ENRICO', 'GESZT4'),
(222005, 'MINONNE', 'MARTINA', 'GESZT4'),
(221989, 'RISSO', 'EDOARDO', 'GESZT4'),
(221988, 'CALOGERO', 'FRANCESCO', 'ENUZT1'),
(221983, 'FAILLA', 'ERIKA', 'GESZT4'),
(221978, 'RIGAT', 'AMEDEO GIUSEPPE', 'GESZT4'),
(221973, 'COLOMBINO', 'MATTEO', 'GESZT4'),
(221958, 'GALLINA', 'UMBERTO', 'GESZT4'),
(221949, 'BARONE', 'DAVIDE', 'ENUZT1'),
(221940, 'CATALANO', 'DOMENICO', 'ENUZT1'),
(221939, 'PAGLIANO', 'DARIO', 'GESZT4'),
(221930, 'VEGLIO', 'FRANCESCO', 'ENUZT1'),
(221929, 'MAGNONE', 'MATTEO', 'ENUZT1'),
(221926, 'CARACCIO', 'STEFANO', 'GESZT4'),
(221920, 'MESSINA', 'BIAGIO', 'GESZT4'),
(221918, 'MARRAUDINO', 'MARIO', 'GESZT4'),
(221915, 'BONO', 'NICOLO''', 'ENUZT1'),
(221905, 'PELISSIER', 'MATTEO', 'GESZT4'),
(221904, 'ORTU', 'ANDREA', 'GESZT4'),
(221901, 'FERIOLI', 'STEFANO', 'GESZT4'),
(221899, 'PARIGI', 'DAVIDE', 'ENUZT1'),
(221898, 'CAVALLERO', 'GINEVRA', 'GESZT4'),
(221895, 'RUIZ ALVAREZ', 'RAMIRO ROMAN', 'GESZT4'),
(221892, 'FORESTO', 'RICCARDO', 'GESZT4'),
(221891, 'ALBERTI', 'STEFANO', 'GESZT4'),
(221889, 'TOPPAN', 'DAVIDE', 'GESZT4'),
(221888, 'SALPIETRO', 'ALESSIO', 'GESZT4'),
(221887, 'DEL RE', 'LAURA', 'GESZT4'),
(221884, 'CIMINI', 'CLAUDIO', 'GESZT4'),
(221883, 'IMBRIACO', 'MAURO', 'GESZT4'),
(221882, 'CORBIA', 'VITTORIO', 'GESZT4'),
(221879, 'MARINI', 'PIETRO', 'GESZT4'),
(221875, 'CAPOGNA', 'ALESSIA', 'GESZT4'),
(221872, 'ZHAO', 'BIN', 'GESZT4'),
(221870, 'MANZO', 'ALESSANDRO', 'ENUZT1'),
(221862, 'DALLE NOGARE', 'EDOARDO', 'GESZT4'),
(221860, 'DE FILIPPI', 'ANDREA', 'GESZT4'),
(221858, 'CONGIU', 'RAFFAELE', 'GESZT4'),
(221857, 'LAVALLE', 'ELEONORA', 'GESZT4'),
(221855, 'CASAGRANDE', 'CHIARA', 'GESZT4'),
(221854, 'PULEO', 'FRANCESCA', 'GESZT4'),
(221848, 'CAGGIANO', 'NUNZIO', 'GESZT4'),
(221847, 'DONZELLI', 'CARLO', 'GESZT4'),
(221846, 'FALVO', 'CHIARA', 'GESZT4'),
(221839, 'SPITO', 'NICOLO''', 'GESZT4'),
(221838, 'COMOTTO', 'FILIPPO', 'GESZT4'),
(221834, 'MARTA', 'ALESSIO', 'GESZT4'),
(221831, 'MUSSA', 'SIMONE', 'GESZT4'),
(221830, 'D''ONOFRIO', 'DEBORAH', 'GESZT4'),
(221826, 'BERTINAZZI', 'LAURA', 'GESZT4'),
(221822, 'MACRI', 'ROBERTO', 'GESZT4'),
(221815, 'BELLOTTA', 'FABRIZIO', 'MECZT1'),
(221814, 'PICCOLI', 'ALESSANDRO', 'GESZT4'),
(221807, 'LUPO', 'MARIA AUSILIA', 'GESZT4'),
(221767, 'PIZZICOTTI', 'MATTEO', 'ENUZT1'),
(221739, 'SIMONETTI', 'GIULIO', 'GESZT4'),
(221726, 'D''ANIELLO', 'SIMONA', 'GESZT4'),
(221647, 'SERINO', 'VITTORIO', 'GESZT4'),
(221634, 'RAMAGLIA', 'FRANCESCO', 'GESZT4'),
(221620, 'TASSONI', 'IOLANDA', 'GESZT4'),
(221611, 'VOLI', 'ERNESTO', 'GESZT4'),
(221588, 'SPAGNUOLO', 'PASQUALE', 'MECZT1'),
(221521, 'ANTONIOLI', 'ANNAROSA', 'MECZT1'),
(221511, 'COMASCHI', 'FRANCESCA', 'MECZT1'),
(221510, 'AGNOLETTI', 'FRANCESCO', 'GESZT4'),
(221509, 'GNACCARINI', 'LUCA', 'MECZT1'),
(221488, 'SANTAGATI', 'ORESTE STEFANO', 'GESZT4'),
(221487, 'GIUNTA', 'EUGENIO', 'GESZT4'),
(221450, 'ROSSI', 'FRANCESCA', 'GESZT4'),
(221438, 'ARRIGO', 'DARIO', 'GESZT4'),
(221363, 'CECILIA', 'CRISTIAN', 'GESZT4'),
(221351, 'NOSRALLAH', 'SHAFY', 'GESZT4'),
(221228, 'FENOGLIO', 'LUCIO', 'GESZT4'),
(221214, 'FESTUGATO', 'SIMONE', 'MECZT1'),
(221176, 'FUTIA', 'DANTE', 'MTMZT1'),
(221097, 'PRIFTI', 'ELVANS', 'MECZT1'),
(221083, 'PISCOPO', 'GABRIELE', 'MECZT1'),
(221043, 'CASERIO', 'MARTA', 'MTMZT1'),
(221035, 'DELEUCHI', 'MIRKO', 'GESZT4'),
(221034, 'NEGRINO', 'CAROLA', 'MTMZT1'),
(221018, 'COSI', 'ANNA RITA', 'ENUZT1'),
(221016, 'FERRARIS', 'COSTANZA MARIA', 'MTMZT1'),
(221000, 'PORTIGLIOTTI', 'FRANCESCO', 'MTMZT1'),
(220998, 'BALBO DI VINADIO', 'ENRICO', 'GESZT4'),
(220992, 'CURIONE', 'LUISA', 'BIOZT1'),
(220988, 'TABONE', 'RICCARDO', 'GESZT4'),
(220981, 'NURCHI', 'GIOVANNI ANTONIO', 'GESZT4'),
(220966, 'MANTINO', 'STEFANO', 'ENUZT1'),
(220965, 'DAVI', 'LUCA', 'GESZT4'),
(220961, 'GIAI', 'ANDREA', 'GESZT4'),
(220960, 'MIRABELLA', 'BARTOLOMEO PAOLO', 'GESZT4'),
(220959, 'RAMPONI', 'LUCA', 'ENUZT1'),
(220954, 'PANZOLATO', 'GIULIO', 'GESZT4'),
(220950, 'TINNIRELLO', 'MIRKO', 'ENUZT1'),
(220934, 'OLIVERO', 'MAURO', 'GESZT4'),
(220924, 'YANG', 'QIAN', 'GESZT4'),
(220921, 'CALITRI', 'LAURA', 'GESZT4'),
(220920, 'SIGNORETTO', 'SABRINA', 'GESZT4'),
(220919, 'BOURCET', 'MATTIA', 'ENUZT1'),
(220912, 'SANSONE', 'GIULIANO', 'GESZT4'),
(220906, 'VAGLIENTI', 'MATTIA', 'GESZT4'),
(220905, 'CONTE', 'DAVIDE', 'GESZT4'),
(220900, 'MILESI', 'ANDREA', 'GESZT4'),
(220898, 'ABRAMO', 'SALVATORE', 'ENUZT1'),
(220894, 'PALERMO', 'MARCELLO', 'GESZT4'),
(220891, 'SANDRONO', 'ELISA', 'GESZT4'),
(220890, 'PARRILLA', 'ROBERTA FRANCESCA', 'GESZT4'),
(220889, 'PONZA', 'LORENZO', 'GESZT4'),
(220886, 'CURTO', 'EMILIA', 'GESZT4'),
(220883, 'GENTILE', 'ANDREA DOMENICO', 'GESZT4'),
(220882, 'ZARBANO', 'ANDREA', 'ENUZT1'),
(220881, 'CARLINO', 'CRISTINA', 'GESZT4'),
(220864, 'GUGLIELMINO', 'DANIELA', 'GESZT4'),
(220846, 'LAUDADIO', 'LORENZO', 'MECZT1'),
(220725, 'SANTUCCI', 'EMANUELE', 'GESZT4'),
(220722, 'MAGGIORANO', 'GIAMPIERO', 'GESZT4'),
(220698, 'CIOCIOLA', 'ALESSANDRO', 'ISSZT3'),
(220683, 'BUIZZA', 'ALBERTO', 'GESZT4'),
(220617, 'MASSI', 'SILVIA', 'MTMZT1'),
(220579, 'MASSARO', 'FLAVIO', 'MECZT1'),
(220563, 'SORIA', 'ENRICA', 'MTMZT1'),
(220548, 'ROLANDO', 'MATTEO', 'GESZT4'),
(220545, 'FUSCO', 'RAIMONDO', 'GESZT4'),
(220540, 'FARACI', 'ANGELO', 'GESZT4'),
(220536, 'LIMONE', 'ROBERTA', 'MTMZT1'),
(220535, 'ROSSINI', 'MATTIA', 'GESZT4'),
(220510, 'NARBONE', 'STEFANIA', 'GESZT4'),
(220497, 'BRINI', 'ALBERTO', 'MTMZT1'),
(220496, 'ROMANO', 'MAURO', 'MECZT1'),
(220486, 'CARA', 'FILIPPO', 'MECZT1'),
(220466, 'BELLINI', 'FRANCESCO', 'MTMZT1'),
(220460, 'FRASCELLA', 'GIUSEPPE', 'GESZT4'),
(220424, 'CRUPI', 'RICCARDO', 'MTMZT1'),
(220422, 'CRUCINIO', 'FRANCESCA ROMANA', 'MTMZT1'),
(220410, 'BARBERIO', 'FRANCESCO', 'GESZT4'),
(220368, 'MENARDI', 'DAVIDE', 'MTMZT1'),
(220366, 'GIARRIZZO', 'GIUSEPPE', 'MTMZT1'),
(220355, 'L''ABBATE', 'DIONIGI MATTEO', 'MECZT1'),
(220347, 'TERESI', 'PATRIZIA', 'GESZT4'),
(220339, 'GRASSANO', 'LUCA', 'MTMZT1'),
(220330, 'BRIAMONTE', 'NICOLA', 'MECZT1'),
(220326, 'BOCCA', 'DARIO', 'MTMZT1'),
(220314, 'LOMUSCIO', 'GIANMARCO', 'MECZT1'),
(220312, 'NARDUCCI', 'DOMENICO', 'GESZT4'),
(220304, 'COVI', 'MARIA ELENA', 'GESZT4'),
(220287, 'CUCCO', 'LORENZO', 'MECZT1'),
(220284, 'COPPI', 'LUIGI', 'GESZT4'),
(220268, 'PILONE', 'GIORGIA', 'GESZT4'),
(220236, 'PIRROTTA', 'DOMENICO', 'GESZT4'),
(220230, 'MARITAN', 'GIORGIO', 'GESZT4'),
(220220, 'AVONA', 'ALESSANDRO', 'GESZT4'),
(220210, 'DELLA VELLA', 'MICHELE', 'MECZT1'),
(220203, 'CRISTOFARO', 'ALESSANDRO', 'MECZT1'),
(220199, 'FARAGGIANA', 'EMILIO', 'ENUZT1'),
(220189, 'APRILE', 'MARCO', 'MECZT1'),
(220185, 'EL ZEIN', 'WIAM', 'GESZT4'),
(220178, 'CARIGNANO', 'ALBERTO', 'MECZT1'),
(220176, 'MARINO', 'GIULIA', 'ENUZT1'),
(220162, 'GIRAUDO', 'FABIO', 'GESZT4'),
(220153, 'BARBERO', 'ALLEGRA', 'ENUZT1'),
(220123, 'SCAGLIONE', 'GIADA', 'GESZT4'),
(220114, 'GRATTAROLA', 'DAVIDE', 'ENUZT1'),
(220107, 'MANGIAPANE', 'VITO', 'ENUZT1'),
(220101, 'PRISCIANDARO', 'COSTANZO', 'MECZT1'),
(220096, 'SCOZZI', 'MARIAPAOLA', 'GESZT4'),
(220095, 'FANELLI', 'ARIS', 'MECZT1'),
(220091, 'RAIMONDO', 'MARCO', 'MECZT1'),
(220048, 'BOFFA', 'ELEONORA', 'GESZT4'),
(220045, 'FASCI''', 'MARIA LETIZIA', 'ENUZT1'),
(220029, 'ALMIENTO', 'MARIELLA', 'ENUZT1'),
(220028, 'GIACALONE', 'CLAUDIA', 'GESZT4'),
(220026, 'CICCIO''', 'ILENIA', 'ENUZT1'),
(220016, 'MINICHINI', 'GIUSEPPE', 'GESZT4'),
(220013, 'ASTUTI', 'LUCIANO', 'GESZT4'),
(219999, 'SOBRINO', 'LUCA', 'ENUZT1'),
(219997, 'BOARETTO', 'SIMONE', 'GESZT4'),
(219986, 'MARINCIONI', 'LUDOVICA', 'ENUZT1'),
(219969, 'DRAGONE', 'GIANPIERO', 'ENUZT1'),
(219947, 'TROSINI', 'MARCO', 'GESZT4'),
(219940, 'CONIGLIARO', 'CHRISTIAN', 'ENUZT1'),
(219933, 'TARTAGLIA', 'VALENTINA', 'GESZT4'),
(219922, 'OLIVETO', 'OMAR', 'GESZT4'),
(219919, 'RAINERO', 'DAVIDE', 'GESZT4'),
(219910, 'DE ROSA', 'CARLA', 'GESZT4'),
(219907, 'ESPOSITO', 'FABIANO NICO', 'GESZT4'),
(219900, 'GUALA MOLINO', 'NICOLO''', 'GESZT4'),
(219896, 'BONITO', 'GIULIANA', 'GESZT4'),
(219886, 'TRIFOGLIO', 'NOEMI', 'GESZT4'),
(219884, 'MARCATO', 'DAVIDE', 'GESZT4'),
(219878, 'MUSSO', 'LUCA', 'GESZT4'),
(219876, 'LUPO', 'CLAUDIA', 'GESZT4'),
(219875, 'SCIACCA', 'SIMONE', 'ENUZT1'),
(219872, 'SUTAC', 'CLAVDIA', 'GESZT4'),
(219863, 'VADALA''', 'ANNUNZIATO', 'GESZT4'),
(219856, 'PAU', 'SIMONE', 'GESZT4'),
(219845, 'NOVARO', 'NICOLE', 'GESZT4'),
(219844, 'DI BIASE', 'DAVIDE', 'GESZT4'),
(219841, 'MAZZONI', 'DAVIDE', 'ENUZT1'),
(219837, 'D''AURIA', 'SALVATORE', 'GESZT4'),
(219835, 'BRISOTTO', 'ENRICO', 'GESZT4'),
(219831, 'DESTEFANIS', 'ALESSANDRO', 'GESZT4'),
(219828, 'CHIABERGE', 'EDDY', 'GESZT4'),
(219826, 'BOGDANAS', 'CAROLINA', 'GESZT4'),
(219822, 'BALDUCCI', 'SONIA', 'GESZT4'),
(219821, 'PANETTA', 'DOMENICO', 'GESZT4'),
(219819, 'VIZZUSO', 'VANESSA', 'GESZT4'),
(219815, 'GAUDIANO', 'LUIGI', 'GESZT4'),
(219799, 'GUELPA CICHETTO', 'EMANUELA', 'GESZT4'),
(219797, 'MORTELLARO', 'MARIA PAOLA', 'GESZT4'),
(219794, 'FRESCO', 'ANDREA', 'GESZT4'),
(219793, 'MASTROCOLA', 'LEA', 'INF1T3'),
(219792, 'FRANCESCHI', 'MIRKO', 'ENUZT1'),
(219789, 'COTTAFAVI', 'ILARIA', 'GESZT4'),
(219785, 'FERRANDO', 'VALENTINA', 'GESZT4'),
(219784, 'RECCHIA', 'MORENA', 'GESZT4'),
(219782, 'ROLLE', 'FRANCESCA', 'GESZT4'),
(219781, 'TORNESE', 'SIMONE', 'GESZT4'),
(219778, 'TRUFFO', 'GIULIA', 'GESZT4'),
(219776, 'BAZZOLO', 'STEFANO', 'GESZT4'),
(219775, 'BALDI', 'FRANCESCO', 'GESZT4'),
(219771, 'COMOLLO', 'DARIO', 'GESZT4'),
(219769, 'BUONGIORNO', 'ARIANNA CAROLA', 'GESZT4'),
(219767, 'CICCARDI', 'FABRIZIO', 'GESZT4'),
(219765, 'BUDA', 'SIMONE', 'GESZT4'),
(219764, 'BORGHESE', 'CRISTIANA', 'GESZT4'),
(219763, 'VASCHETTO', 'CLAUDIA', 'GESZT4'),
(219762, 'BRAGHO', 'DOMENICO', 'GESZT4'),
(219761, 'LA PORTA', 'FEDERICA', 'GESZT4'),
(219760, 'FORTI', 'MARIA ALESSANDRA', 'GESZT4'),
(219759, 'PIVA', 'MATTEO', 'GESZT4'),
(219758, 'TALLONE', 'CARLOTTA', 'GESZT4'),
(219756, 'AMBROGIO', 'MICHELE', 'GESZT4'),
(219755, 'MASSARO', 'SUSANNA', 'GESZT4'),
(219754, 'D''AMBROSIO', 'ANTONINO', 'GESZT4'),
(219752, 'GIOVANNETTI', 'MATTEO', 'GESZT4'),
(219747, 'RICCI', 'ALESSANDRA', 'GESZT4'),
(219744, 'GRIVA', 'MATTEO', 'GESZT4'),
(219743, 'BENSO', 'DANILO', 'GESZT4'),
(219742, 'VOGEL', 'THOMAS ALESSANDRO', 'GESZT4'),
(219741, 'CARDEA', 'CHIARA MARIA', 'GESZT4'),
(219740, 'GALLIANI', 'MARGHERITA', 'GESZT4'),
(219739, 'GHIGLIA', 'ANDREA', 'GESZT4'),
(219737, 'CAUSO', 'SIMONE', 'GESZT4'),
(219734, 'BERTOLOTTI', 'LORENZO', 'GESZT4'),
(219732, 'REVEL NUTINI', 'BIANCA', 'GESZT4'),
(219731, 'BORLA', 'ELISABETTA', 'GESZT4'),
(219725, 'VERNA', 'ELISA', 'GESZT4'),
(219724, 'BRIGANTI', 'SALVATORE MIRKO', 'GESZT4'),
(219723, 'MASSA', 'BEATRICE', 'GESZT4'),
(219722, 'CASAGRANDE-SERETTI', 'ALESSANDRO', 'GESZT4'),
(219704, 'DELLA CROCIATA', 'DIEGO', 'MECZT1'),
(219702, 'LO MONACO', 'GIUSY', 'GESZT4'),
(219696, 'DI LUZIO', 'MANUEL', 'MECZT1'),
(219693, 'MANSOORI FARD', 'BIJEAN', 'GESZT4'),
(219669, 'DI PAOLANTONIO', 'PAOLO', 'MECZT1'),
(219662, 'D''ALCAMO', 'DAVIDE', 'MECZT1'),
(219619, 'TESSITORE', 'RAFFAELE', 'MECZT1'),
(219382, 'ASTOLFI', 'IRENE', 'GESZT4'),
(219374, 'DE CARLUCCIO', 'ANTONIO', 'GESZT4'),
(219295, 'IODICE', 'ANTONIO', 'GESZT4'),
(219281, 'PARAGNANI', 'MARCO', 'GESZT4'),
(219276, 'BOCCI', 'DAVIDE', 'GESZT4'),
(219221, 'DI FILIPPO', 'ANDREA', 'GESZT4'),
(219202, 'BRIGANTI', 'GIOVANNI', 'MECZT1'),
(219193, 'PETRONE', 'ANTONINO LEANDRO', 'ENUZT1'),
(219186, 'MORAS', 'LEONARDO', 'GESZT4'),
(219127, 'VINAI', 'GIULIA', 'GESZT4'),
(219102, 'BEN NACHOUANE', 'GHASSEN', 'GESZT4'),
(219068, 'PICA', 'SARA', 'GESZT4'),
(219064, 'VITALE', 'STEFANIA', 'GESZT4'),
(219035, 'D''ANNA', 'NADIA', 'GESZT4'),
(219033, 'ATTANASIO', 'LUCREZIA', 'GESZT4'),
(219028, 'ANDREOZZI', 'SILVIA', 'MTMZT1'),
(219026, 'ARGENTINA', 'FEDERICA', 'GESZT4'),
(219015, 'LUCIDO', 'FRANCESCO', 'INF1T3'),
(218997, 'PICCIONE', 'MARCO', 'GESZT4'),
(218981, 'FARAHANY', 'BEHZAD', 'GESZT4'),
(218885, 'FAMBRI', 'GABRIELE', 'ENUZT1'),
(218868, 'MARINELLI', 'FABRIZIO', 'ENUZT1'),
(218823, 'COSTA', 'STEFANO', 'GESZT4'),
(218818, 'CHISARI', 'ELDA ANNA', 'MECZT1'),
(218815, 'SANNA', 'MATTEO', 'MECZT1'),
(218776, 'ROAGNA', 'STEFANO', 'INF1T3'),
(218759, 'BARTOLOTTI', 'MIRKO', 'GESZT4'),
(218739, 'TARAS', 'VALERIA', 'INFZT3'),
(218646, 'SIMONE', 'GIADA', 'GESZT4'),
(218608, 'DE SIMONE', 'LUCA GIOVANNI', 'GESZT4'),
(218533, 'COLLARIN', 'FEDERICO', 'GESZT4'),
(218526, 'COLOMBO', 'LIVIO SEBASTIANO', 'GESZT4'),
(218517, 'SCOLLO', 'FRANCESCOGIUSEPPE', 'GESZT4'),
(218482, 'TOSCANO', 'CARLOTTA', 'GESZT4'),
(218419, 'DI VIA', 'SAVERIO', 'GESZT4'),
(218405, 'VENTRIGLIA', 'EMANUELA', 'GESZT4'),
(218374, 'BERTANI', 'TOMMASO', 'GESZT4'),
(218341, 'BARBINI', 'DIEGO', 'PRO1N1'),
(218274, 'VESCO', 'MANFREDI', 'ENUZT1'),
(218267, 'BARBAGALLO', 'DAMIANO', 'GESZT4'),
(218236, 'PAVARINI', 'GIORGIO', 'GESZT4'),
(218233, 'SARACINO', 'MATTEO', 'ENUZT1'),
(218213, 'SIMON', 'ALEXANDRU IULIAN', 'PRO1B1'),
(218194, 'FASOLO', 'ANDREA', 'GESZT4'),
(218095, 'ARCIDIACONO', 'FEDERICA', 'GESZT4'),
(218047, 'DE NICOLO''', 'PIETRO PAOLO', 'GESZT4'),
(218031, 'GUSINU', 'STEFANO', 'PRO1B1'),
(217953, 'ORLANDO', 'CARLOTTA', 'GESZT4'),
(217950, 'LA LONGA', 'ANTONELLA', 'GESZT4'),
(217948, 'TADDEO', 'LUCA', 'GESZT4'),
(217864, 'FIORENTINO', 'ALESSIO', 'MECZT1'),
(217836, 'STRANO', 'MARIO', 'GESZT4'),
(217820, 'COMETTO', 'FIAMMETTA', 'GESZT4'),
(217791, 'GIORDANO', 'RICCARDO', 'PRO1A1'),
(217788, 'APICELLA', 'VALENTINA', 'MECZT1'),
(217784, 'DALMASSO', 'GIADA', 'PRO1A1'),
(217760, 'NICOTRA', 'MIRKO', 'ENUZT1'),
(217634, 'ROJAS MARTINEZ', 'MARIBEL', 'GESZT4'),
(217624, 'ZAMBONI', 'NICOLA', 'GESZT4'),
(217553, 'BEVILACQUA', 'ALESSANDRO', 'GESZT4'),
(217530, 'NIEDDU', 'ROSSELLA', 'GESZT4'),
(217478, 'GIORDANO', 'STEFANO', 'ENUZT1'),
(217462, 'MORELLI', 'LUCA', 'GESZT4'),
(217128, 'BAGNATO', 'MATTIA', 'GESZT4'),
(217108, 'CALIRI', 'LUCA', 'ENUZT1'),
(217031, 'FANCELLU', 'LUCA', 'GESZT4'),
(216990, 'NGUEPI VOUFOUO', 'DIMITRI', 'MECZT1'),
(216859, 'COLONNA', 'MATTEO', 'GESZT4'),
(216857, 'ELIAS GUTIERREZ', 'HECTOR FRANCISCO', 'ENUZT1'),
(216807, 'MINDIASHVILI', 'LIANA', 'GESZT4'),
(216794, 'OTTONE', 'SARA', 'GESZT4'),
(216788, 'CAPRIATI', 'GIULIO', 'GESZT4'),
(216773, 'ABBRACCIAVENTO', 'FRANCESCO', 'ENUZT1'),
(216725, 'REHO', 'PIETRO', 'GESZT4'),
(216676, 'MAGI', 'ANDREA', 'GESZT4'),
(216661, 'MOLINO', 'STEFANO', 'GESZT4'),
(216652, 'COPPOLA', 'RICCARDO', 'GESZT4'),
(216623, 'PUCCIA', 'CLAUDIA', 'GESZT4'),
(216585, 'GULLOTTA', 'MARCO', 'GESZT4'),
(216544, 'LONGO', 'ETTORE', 'GESZT4'),
(216530, 'SACCOMANDO', 'GIUSEPPE', 'GESZT4'),
(216495, 'BARNABA', 'MASSIMO', 'GESZT4'),
(216442, 'STANCAMPIANO', 'ELISA', 'GESZT4'),
(216372, 'MAINO', 'CLAUDIO', 'MECZT1'),
(216336, 'NANNINI', 'GIULIA', 'GESZT4'),
(216300, 'MANGANO', 'DANIELE', 'GESZT4'),
(216282, 'NOSARI', 'BENEDETTA', 'GESZT4'),
(216276, 'SORRENTINO', 'GIACOMO', 'GESZT4'),
(216216, 'CAPRIO', 'ANGELOMARIA', 'GESZT4'),
(216099, 'SALAMONE', 'CARLOTTA', 'PRO1N1'),
(215678, 'MARINO', 'FRANCESCO', 'GESZT4'),
(215634, 'ROMUALDI', 'GLORIA', 'GESZT4'),
(215574, 'GHIONE', 'BEATRICE', 'PRO1A1'),
(215539, 'MARCELLINI', 'CLAUDIO', 'MECZT1'),
(215307, 'VIEGAS DE ROSIS', 'CARLOS HENRIQUE', 'GESZT4'),
(215228, 'GALFANO', 'MARGHERITA', 'GESZT4'),
(215221, 'VERA GARCES', 'CARLOS ANDRES', 'GESZT4'),
(215162, 'BAROTTO', 'ELIANA', 'GESZT4'),
(215119, 'MONTI', 'GABRIELE', 'ENUZT1'),
(215062, 'SCARDINO', 'FRANCESCO GIUSEPPE', 'MECZT1'),
(215048, 'FRAU', 'SIMONE', 'MECZT1'),
(214978, 'NIZZOLA', 'ELISA', 'GESZT4'),
(214957, 'CALDERINI', 'FABIO', 'ENUZT1'),
(214912, 'DIAZ ESCOBAR', 'KELLY VANESSA', 'GESZT4'),
(214905, 'CAMPO', 'ILENIA', 'ENUZT1'),
(214758, 'LEPORE', 'ANDREA', 'MECZT1'),
(214749, 'PATELLA', 'MARIA', 'MECZT1'),
(214701, 'LINGUA', 'DAVIDE', 'GESZT4'),
(214644, 'GIOVANETTI', 'MARTA', 'MECZT1'),
(214571, 'BENEVOLO', 'MATTEO', 'GESZT4'),
(214545, 'BERARD', 'CHIARA', 'GESZT4'),
(214444, 'CHIONNA', 'ALESSANDRA', 'MECZT1'),
(214442, 'RUSSO', 'LUIGI', 'MTMZT1'),
(214391, 'PASKU', 'VADYM', 'GESZT4'),
(214249, 'LAMACCHIA', 'ALESSANDRO', 'MECZT1'),
(214230, 'VIGLINO', 'FRANCESCA', 'ENUZT1'),
(214206, 'LUCERI', 'FEDERICA', 'BIOZT1'),
(214194, 'BELLO', 'ILARIA', 'GESZT4'),
(214193, 'CRIVELLO', 'FRANCESCO', 'GESZT4'),
(214180, 'FEDERICO', 'LUCA', 'GESZT4'),
(214140, 'LICATA', 'MARCO', 'GESZT4'),
(214118, 'SOMA''', 'GIOVANNI BATTISTA', 'GESZT4'),
(214096, 'BLONDA', 'FABIO', 'GESZT4'),
(214083, 'CAMBIERI', 'ALBERTO', 'GESZT4'),
(214004, 'GHIGO', 'EDOARDO', 'GESZT4'),
(213997, 'MINNELLA', 'GIACOMO', 'GESZT4'),
(213994, 'NOTARO', 'SIMONA', 'GESZT4'),
(213981, 'GIORDANA', 'DANIELE', 'GESZT4'),
(213952, 'PEIRETTI', 'ALLEGRA', 'PRO1N1'),
(213859, 'FASIHIPOUR', 'REZA', 'GESZT4'),
(213764, 'KHANDOUZI', 'SEYEDSOROUSH', 'GESZT4'),
(213651, 'PUMASONCCO CORONADO', 'JOSE LUIS', 'INFZT3'),
(213643, 'SARRAF MOAYERI', 'ALI', 'GESZT4'),
(213091, 'NOUDENG TSAZEU', 'KRISTEVA', 'ENUZT1'),
(211847, 'MULONE', 'MARTA', 'PRO1N1'),
(211663, 'BARBIERI', 'MICOL', 'GESZT4'),
(211660, 'CAPRA', 'ANDREA', 'MTMZT1'),
(211657, 'DONATO', 'GIOVAN BATTISTA', 'GESZT4'),
(211648, 'DAMIANI', 'DANIELA', 'MECZT1'),
(211647, 'GEMELLO', 'STEFANO', 'GESZT4'),
(211645, 'PRESTANICOLA', 'CONCETTINA', 'GESZT4'),
(211643, 'RAMOS OSCATEGUI', 'YOEZMI ALEJANDRO', 'MECZT1'),
(211640, 'COLETTA', 'CORRADO', 'GESZT4'),
(211639, 'CRAVERO', 'FEDERICA', 'GESZT4'),
(211637, 'POTENZA', 'ANGELA', 'GESZT4'),
(211636, 'POLITO', 'LUIGIANTONIO', 'GESZT4'),
(211629, 'VICO', 'ANDREA', 'GESZT4'),
(211626, 'MARTIGNON', 'LUCA', 'GESZT4'),
(211623, 'COSTANTINO', 'GIACOMO', 'GESZT4'),
(211618, 'BOLATTO', 'ALESSANDRO', 'GESZT4'),
(211610, 'BARRAL', 'LUCA', 'GESZT4'),
(211606, 'CHEEMA', 'ISRAR AHMED', 'GESZT4'),
(211597, 'GATTI', 'GREGORIO', 'GESZT4'),
(211555, 'BOCCI', 'EDOARDO', 'MECZT1'),
(211554, 'ALBANESE', 'VINCENZO', 'GESZT4'),
(211552, 'CICERO', 'CARLO', 'GESZT4'),
(211548, 'BERTOLONE', 'LUCA', 'GESZT4'),
(211546, 'CAIELLI', 'PAOLO MARIA', 'GESZT4'),
(211541, 'MELI', 'ELENA', 'GESZT4'),
(211535, 'OTTRIA', 'ALESSANDRO', 'GESZT4'),
(211533, 'MORGANTI', 'MARCO', 'GESZT4'),
(211524, 'MAGLIANO', 'FRANCESCA', 'GESZT4'),
(211519, 'ZOLLO', 'KAROLA', 'GESZT4'),
(211513, 'PLAITANO', 'IVANO', 'GESZT4'),
(211504, 'CETERA', 'ELISABETTA', 'GESZT4'),
(211503, 'BAUSOLA', 'RICCARDO', 'GESZT4'),
(211497, 'CORDERO DI VONZO', 'FRANCESCO', 'GESZT4'),
(211487, 'PATTI', 'GASPARE', 'GESZT4'),
(211484, 'VERRI', 'STEFANO', 'GESZT4'),
(211482, 'ARNO''', 'MICHELE', 'GESZT4'),
(211477, 'ORTO', 'CLARA', 'GESZT4'),
(211472, 'MAIO', 'FABIO', 'GESZT4'),
(211465, 'MARTELLO', 'LUCA', 'GESZT4'),
(211463, 'CUCCHIETTI', 'UMBERTO', 'GESZT4'),
(211462, 'AIMAR', 'ALESSIO', 'GESZT4'),
(211461, 'CASTIGLIONE', 'CLAUDIO', 'GESZT4'),
(211455, 'FRAUDATARIO', 'LUCA', 'GESZT4'),
(211454, 'TEDESCO', 'ALESSIA MARIA', 'GESZT4'),
(211448, 'CIANCI', 'CHIARA', 'GESZT4'),
(211446, 'NOSENZO', 'CHIARA', 'GESZT4'),
(211445, 'GIACALONE', 'VITO', 'GESZT4'),
(211439, 'FILIPPA', 'DANIELE', 'GESZT4'),
(211436, 'CONTINI', 'MARCO SILVANO', 'GESZT4'),
(211407, 'MUZZACHI', 'VALERIO', 'GESZT4'),
(211404, 'FINA', 'ILARIA', 'GESZT4'),
(211343, 'BONGIOVANNI', 'PASQUALE', 'INFZT3'),
(211325, 'LAMANUZZI', 'FRANCESCA', 'GESZT4'),
(211314, 'UGHETTO', 'MATTEO', 'ENUZT1'),
(211313, 'DILIBERTO', 'VINCENZO', 'ENUZT1'),
(211307, 'SCARFO''', 'MARCO', 'MECZT1'),
(211305, 'MOGLIA', 'ENRICO', 'ENUZT1'),
(211295, 'GRILLO', 'DANIELE', 'ENUZT1'),
(211291, 'BONELLO', 'GIOVANNI', 'CIVZT1'),
(211262, 'FERRERO VALLANA', 'LUCA ANTONIO', 'GESZT4'),
(211249, 'GENTA', 'GIULIA', 'INFZT3'),
(211248, 'CABIB', 'SHIRAH', 'GESZT4'),
(211243, 'DE ANGELIS', 'MATTIA', 'MECZT1'),
(211231, 'MARTINO', 'DOMENICO', 'ENUZT1'),
(211229, 'CIANO', 'ALESSANDRO', 'MECZT1'),
(211227, 'CASELLA', 'ANDREA', 'GESZT4'),
(211222, 'GAMBA', 'MARTINA', 'ENUZT1'),
(211221, 'EMANUEL', 'LUCA', 'GESZT4'),
(211219, 'SCOLA', 'ANDREA', 'ENUZT1'),
(211218, 'SERANA', 'ANDREA', 'GESZT4'),
(211179, 'GRILLO', 'ANTONIO', 'GESZT4'),
(211175, 'RINALDO', 'PAOLO', 'ENUZT1'),
(211131, 'CONFLITTI', 'DAVIDE', 'MECZT1'),
(211105, 'AIELLO', 'AGATA', 'GESZT4'),
(211097, 'PACI', 'MONIA CALOGERA', 'GESZT4'),
(211090, 'TRAVAGLIA', 'CHIARA', 'GESZT4'),
(211084, 'MUSARRA', 'NUNZIO GIOVANNI', 'GESZT4'),
(211083, 'CUCCIA', 'VINCENZO MARCO', 'GESZT4'),
(211068, 'CASABURI', 'RITA', 'GESZT4'),
(211066, 'D''AGATA', 'GIOVANNI', 'MECZT1'),
(211059, 'DI GIOVANNA', 'SERENA', 'GESZT4'),
(211053, 'MALVENTI BELLIDO', 'ANNA GRACIA', 'ENUZT1'),
(211050, 'MANDELLI', 'FRANCESCA', 'GESZT4'),
(211048, 'TRENTIN', 'MARTINA', 'GESZT4'),
(211041, 'LUONGO', 'ALESSIA', 'GESZT4'),
(211036, 'CHIRICO', 'DAVIDE', 'GESZT4'),
(211035, 'COPPOLA', 'LUCIANO', 'GESZT4'),
(211032, 'TRAMONTE', 'VERONICA', 'GESZT4'),
(211011, 'OTTAIANO', 'MATTEO', 'GESZT4'),
(210926, 'BIGLIARDI', 'GUGLIELMO', 'GESZT4'),
(210919, 'CAPASSO', 'MARCO', 'GESZT4'),
(210864, 'CASTRIOTA SCANDERBEG', 'FERDINANDO', 'GESZT4'),
(210854, 'MELIS', 'GIULIA', 'ENUZT1'),
(210765, 'SCAGLIUSI', 'ENRICO', 'GESZT4'),
(210728, 'DI CARLO', 'MANUEL', 'ENUZT1'),
(210523, 'OBILINOVIC FERTILIO', 'FLORENCIA DE LOS ANGELES', 'ELTZT1'),
(210414, 'METWALLEY', 'HASSAN', 'IELRT9'),
(210179, 'CAPECCHI', 'LORENZO', 'MECZT1'),
(210166, 'OLIVO', 'GIUSEPPE GIACOMO', 'GESZT4'),
(210107, 'GALLUCCI', 'ALESSIO', 'MTMZT1'),
(210087, 'UGO', 'EMANUELE', 'GESZT4'),
(210074, 'PIOVANO', 'ARIANNA', 'GESZT4'),
(210045, 'LOGRIECO', 'PIETRO IGNAZIO', 'GESZT4'),
(210044, 'SETA', 'ELISA', 'GESZT4'),
(210027, 'SPEZZATTI', 'FRANCESCA', 'GESZT4'),
(210019, 'MORONI', 'SILVIA', 'GESZT4'),
(210018, 'TARGA', 'VALENTINA', 'GESZT4'),
(210006, 'BALSAMO', 'FABIO', 'GESZT4'),
(210001, 'CAVAGNETTO', 'BEATRICE', 'GESZT4'),
(209992, 'PEPE', 'FRANCESCO', 'GESZT4'),
(209986, 'MARABELLO', 'ROSSELLA', 'GESZT4'),
(209953, 'GURRA', 'LORENA', 'GESZT4'),
(209909, 'PATINO CASTILLO', 'IRINA INES', 'GESZT4'),
(209893, 'LANDI', 'ROBERTA', 'GESZT4'),
(209789, 'ANTONICELLI', 'DILETTA', 'GESZT4'),
(209676, 'FELICIANI', 'MARTINA', 'GESZT4'),
(209641, 'DE SIENA', 'CESARE', 'GESZT4'),
(209633, 'GALLUCCIO', 'FABIO', 'GESZT4'),
(209617, 'FERRENTINO', 'LUCIA', 'GESZT4'),
(209610, 'LOCOROTONDO', 'MARGHERITA', 'GESZT4'),
(209609, 'ISINGRINI', 'ELISA', 'GESZT4'),
(209608, 'LUCIANO', 'FEDERICO', 'GESZT4'),
(209606, 'CAMPANA', 'FLORIANA', 'GESZT4'),
(209595, 'COSTANZA', 'GERO', 'GESZT4'),
(209593, 'BALLABIO', 'MARTINA', 'GESZT4'),
(209591, 'DI BENEDETTO', 'MARIACHIARA', 'GESZT4'),
(209582, 'BARONE', 'MICHELE ANTONIO GIORGIO', 'GESZT4'),
(209579, 'VACCHETTI', 'MATTEO', 'GESZT4'),
(209578, 'VENEZIA', 'SILVIA', 'GESZT4'),
(209574, 'GIANINO', 'GABRIELE', 'GESZT4'),
(209570, 'DE FAVERI', 'ANDREA', 'GESZT4'),
(209561, 'COLAIACOMO', 'FEDERICO', 'GESZT4'),
(209526, 'VIALE', 'MARTINA', 'GESZT4'),
(209520, 'GULLINO', 'ANDREA', 'GESZT4'),
(209508, 'MASSACCESI', 'MARCO', 'GESZT4'),
(209489, 'REFFO', 'ILARIA', 'GESZT4'),
(209485, 'TORTORA', 'FRANCESCO BRIAN', 'GESZT4'),
(209456, 'ENRICO', 'BEATRICE', 'GESZT4'),
(209452, 'DAJA', 'BRISEJDA', 'GESZT4'),
(209445, 'VANNINI', 'ALBERTO', 'GESZT4'),
(209441, 'DELL''ERBA', 'GIAN PAOLO', 'GESZT4'),
(209420, 'IANNETTI', 'FEDERICA', 'GESZT4'),
(209390, 'BOLTRI', 'FEDERICO', 'GESZT4'),
(209378, 'MAZZARINI', 'SIMONA', 'GESZT4'),
(209361, 'GERNONE', 'SERENA', 'GESZT4'),
(209345, 'GIACOMINO', 'ERICA', 'GESZT4'),
(209344, 'CAGGIULA', 'LORENZO', 'GESZT4'),
(209340, 'VANETTI', 'GIORGIO', 'GESZT4'),
(209335, 'COLUCCIA', 'CLAUDIA', 'GESZT4'),
(209334, 'TERZI', 'FRANCESCA', 'GESZT4'),
(209321, 'FIORE', 'NICOLA', 'GESZT4'),
(209319, 'POCATERRA', 'GIULIA', 'GESZT4'),
(209308, 'DONATO', 'FRANCESCO', 'GESZT4'),
(209304, 'BURI', 'STEFANO', 'GESZT4'),
(209301, 'BIANCHI', 'ARIANNA', 'GESZT4'),
(209297, 'PINTO', 'ANGELO', 'GESZT4'),
(209278, 'GHIACCI', 'RICCARDO', 'GESZT4'),
(209275, 'GIORDA', 'ELISA', 'GESZT4'),
(209274, 'VITA', 'PAOLO', 'GESZT4'),
(209272, 'RUSSO', 'FRANCESCA', 'GESZT4'),
(209266, 'SCIUTO', 'FRANCESCO', 'GESZT4'),
(209230, 'FACCIORUSSO', 'GIULIA', 'GESZT4'),
(209148, 'BERTUCCI', 'VINCENZO GRAZIANO', 'MECZT1'),
(209087, 'BONFIGLIOLI', 'MATTEO', 'GESZT4'),
(209059, 'FUMANTE', 'MARIANO', 'GESZT4'),
(209058, 'DEMETRIO', 'MARCO', 'GESZT4'),
(208976, 'GAUDIANO', 'COSIMO DAMIANO', 'GESZT4'),
(208960, 'MAINENTI', 'ALESSANDRA', 'GESZT4'),
(208937, 'ETERNO', 'ALESSANDRA', 'GESZT4'),
(208930, 'ROLANDI BERETTA', 'ANNA MARIA', 'GESZT4'),
(208924, 'LIANZA', 'MASSIMO', 'GESZT4'),
(208903, 'DE ROSA', 'FABIANO', 'GESZT4'),
(208843, 'MACALUSO', 'LUCA', 'GESZT4'),
(208817, 'COLLI', 'ALESSANDRA', 'GESZT4'),
(208735, 'DE DONNO', 'DANIELE', 'ENUZT1'),
(208710, 'FUSCO', 'SALVATORE', 'GESZT4'),
(208660, 'MATTEI', 'ARIANNA', 'GESZT4'),
(208588, 'TRANCHITA', 'VINCENZO', 'GESZT4'),
(208584, 'LEVER', 'MARCO', 'GESZT4'),
(208362, 'LOTTO', 'ALESSANDRO', 'GESZT4'),
(208177, 'MUSSO', 'GIUSEPPE', 'GESZT4'),
(208137, 'SCRIGNER', 'MASSIMILIANO', 'GESZT4'),
(208135, 'MANINI', 'MICHELA', 'GESZT4'),
(208133, 'BOVE', 'ELISABETTA', 'GESZT4'),
(208063, 'MANDELLI', 'ELIAS', 'PRO1B1'),
(208000, 'RESTA', 'LUCA', 'GESZT4'),
(207998, 'TABELLINI', 'JACOPO', 'GESZT4'),
(207978, 'BOSCARINO', 'MARIAROSA', 'GESZT4'),
(207943, 'MUSA', 'FEDERICA', 'GESZT4'),
(207925, 'SAPIENZA', 'JESSICA', 'GESZT4'),
(207911, 'AMICO', 'SALVATORE', 'GESZT4'),
(207857, 'SPALTINI', 'ELENA', 'PRO1A1'),
(207788, 'GIORDANO', 'CARMELO', 'INF1T3'),
(207732, 'ILIES', 'MARIAN ALEXANDRU', 'INF1T3'),
(207719, 'MARINO', 'LORENZO', 'INF1T3'),
(207688, 'KHANSA', 'NABILA RIFA', 'PRO1A1'),
(207481, 'BOSCARDIN', 'MARCO', 'INF1T3'),
(207413, 'RAINERI', 'EMANUELE', 'INF1T3'),
(207408, 'NARDELLA', 'STEFANO', 'INF1T3'),
(207368, 'LOMBARDI', 'LUCA', 'PRO1A1'),
(207243, 'ALTAMORE', 'ANDREA', 'GESZT4'),
(207241, 'FONTE', 'MICHELE', 'MECZT1'),
(207224, 'CONTENTE', 'GIUSEPPE', 'GESZT4'),
(207220, 'DI SALVIO', 'CAMILLO', 'GESZT4'),
(207021, 'PAROLIN', 'ENRICO', 'GESZT4'),
(207013, 'DI MASO', 'MARCO', 'GESZT4'),
(206966, 'CULLE''', 'FEDERICO', 'GESZT4'),
(206906, 'CANNATA', 'MARGHERITA', 'PRO1B1'),
(206871, 'SOUOP FOTSO', 'JOCELYN AXEL', 'INF1T3'),
(206833, 'LA FATA', 'IVAN', 'GESZT4'),
(206772, 'GARRONE', 'DANIELE', 'INF1T3'),
(206589, 'MUNOZ VIAMONTE', 'BARBARA', 'INF1T3'),
(206581, 'YONGA', 'FILS JACQUES', 'INF1T3'),
(206540, 'CELANO', 'GIANMARCO', 'GESZT4'),
(206527, 'SARCINA', 'MARIA MELANIA', 'GESZT4'),
(206466, 'MORITA MIMBELA', 'KENJI CHANDRA', 'PRO1N1'),
(206453, 'FERRARIS', 'FRANCESCA', 'PRO1A1'),
(206381, 'SGARLATA', 'DOMENICO FABIO', 'PRO1B1'),
(206359, 'MBONYA NDUMBE', 'ROUDOLF YVES', 'INF1T3'),
(206358, 'DJINKOU KWAMO', 'JAFRED FRANKLIN', 'INF1T3'),
(206327, 'PAOLICELLI', 'VALERIO', 'INF1T3'),
(206288, 'DE MEIS', 'ANDREA', 'ENUZT1'),
(206281, 'GALTIERI', 'ANNA', 'GESZT4'),
(206270, 'SORBARA', 'MARTA', 'GESZT4'),
(206245, 'CIMINO', 'SANDRA', 'GESZT4'),
(206201, 'MORETTI', 'PIER PAOLO', 'ENUZT1'),
(206002, 'RUSSO', 'ELENA', 'GESZT4'),
(205990, 'MARIOTTI', 'SIMONA', 'PRO1B1'),
(205961, 'GULLINO', 'EMANUELE', 'INF1T3'),
(205959, 'CHIARLO', 'FRANCESCO MARIA', 'INF1T3'),
(205915, 'SABATINI', 'LUCA', 'GESZT4'),
(205894, 'CURCI', 'FRANCESCO', 'GESZT4'),
(205883, 'GILLI', 'ROBERTO', 'GESZT4'),
(205871, 'IANNIELLO', 'MAURIZIO', 'GESZT4'),
(205857, 'GRAGNOLI', 'FEDERICO', 'GESZT4'),
(205849, 'GHERRA BECONCINI', 'STEFANIA', 'PRO1B1'),
(205843, 'LONOCE', 'LUCA', 'PRO1N1'),
(205784, 'TADDEO', 'MARCO', 'INF1T3'),
(205761, 'MUSCATO', 'MARINA', 'GESZT4'),
(205725, 'CAPODICASA', 'BRUNA', 'PRO1N1'),
(205693, 'VISICARO', 'ALESSANDRA', 'PRO1A1'),
(205678, 'VIGLIANCO', 'MATTIA', 'PRO1A1'),
(205659, 'LO PORTO', 'FRANCESCO', 'PRO1A1'),
(205655, 'FORLANI', 'GIACOMO', 'INF1T3'),
(205638, 'TRIVELLIN', 'GIULIA', 'PRO1A1'),
(205597, 'NALBONE', 'ENRICO', 'MTMZT1'),
(205596, 'JACQUIN', 'LUCA', 'INF1T3'),
(205551, 'MAGHFOUR', 'AHMED', 'INF1T3'),
(205528, 'MISTURA', 'MYRIAM', 'GESZT4'),
(205505, 'PEIRASSO', 'DANIELE', 'INF1T3'),
(205485, 'BUSELLINI', 'GLORIA', 'PRO1A1'),
(205461, 'VENNETTILLI', 'MARTINA', 'PRO1B1'),
(205451, 'RICCIARDI', 'FABIO', 'INF1T3'),
(205396, 'FERRERA', 'FILIPPO', 'INF1T3'),
(205366, 'COLLURA', 'ROCCO', 'INF1T3'),
(205351, 'DELL''ISOLA', 'MATTIA', 'INF1T3'),
(205340, 'LOGIURATO', 'CLAUDIO', 'INF1T3'),
(205320, 'MOREIRA LUCES', 'RAQUEL ABIGAIL', 'PRO1N1'),
(205306, 'COPPOLA', 'IVAN', 'INF1T3'),
(205294, 'JADUC', 'ROMEO ADRIAN', 'INF1T3'),
(205275, 'MISCETTI', 'VALENTINA', 'GESZT4'),
(205194, 'LONARDI', 'FEDERICO', 'GESZT4'),
(205179, 'RUVOLO', 'GIUSEPPE', 'INF1T3'),
(205150, 'BILARDI', 'MARCO', 'INF1T3'),
(205142, 'BRUNELLO', 'ANDREA', 'PRO1A1'),
(205125, 'PERETTI', 'CAROLA', 'PRO1N1'),
(205111, 'GALANO', 'SALVATORE', 'INF1T3'),
(205107, 'RESTIVO', 'SIMONE', 'INF1T3'),
(205082, 'VISETTI', 'MARIA', 'PRO1A1'),
(205073, 'MELI', 'LORENZO', 'INF1T3'),
(205065, 'ALESSI', 'ROBERTO', 'INF1T3'),
(205021, 'CITERA''', 'ELENA', 'INF1T3'),
(205009, 'CONTI', 'ALBERTO', 'INF1T3'),
(204998, 'LACUKU', 'ALDO', 'INF1T3'),
(204994, 'ROMANELLI', 'LUCA', 'INF1T3'),
(204989, 'MANNI', 'ALESSANDRO SERGIO', 'INF1T3'),
(204933, 'ANDERLUCCI', 'LEONARDO', 'INF1T3'),
(204889, 'BRILLI', 'STEFANO', 'INF1T3'),
(204873, 'VALFRE''', 'GIOSUE''', 'INF1T3'),
(204855, 'STRIANO', 'FRANCESCA', 'INF1T3'),
(204854, 'ALLEGRI', 'MARCO', 'PRO1A1'),
(204848, 'CIBRARIO', 'FRANCESCA', 'INF1T3'),
(204833, 'CUPANI', 'GIULIA', 'PRO1A1'),
(204825, 'LAVACCA', 'MATTIA', 'INF1T3'),
(204822, 'FARRUGGIO', 'SIMONE', 'PRO1A1'),
(204759, 'CIRICI', 'STEFANO', 'INF1T3'),
(204691, 'GENTILE', 'SERGIO', 'INF1T3'),
(204683, 'SCALABRINO', 'ENRICO', 'INF1T3'),
(204678, 'D''AMICO', 'MICHELE', 'INF1T3'),
(204674, 'RUIU', 'MARIA CECILIA', 'PRO1A1'),
(204631, 'CASTANGIA', 'MARCO', 'INF1T3'),
(204621, 'BALSEBRE', 'PASQUALE', 'INF1T3'),
(204599, 'MERENDINO', 'LUCA', 'INF1T3'),
(204550, 'CASSESE', 'MARIA GIOVANNA', 'INF1T3'),
(204547, 'CIRACI''', 'LUCIO', 'INF1T3'),
(204536, 'MONTEVERDE', 'FRANCESCA', 'PRO1B1'),
(204525, 'GIORDANO', 'GIORGIO', 'PRO1B1'),
(204522, 'ZIANO', 'MICHELE', 'PRO1N1'),
(204477, 'MUSCATELLO', 'EMANUELE', 'INF1T3'),
(204476, 'BARLETTA', 'ANTONIO GAETANO', 'INF1T3'),
(204469, 'CROSA', 'FILIPPO', 'INF1T3'),
(204431, 'CONTICELLO', 'DANIELE', 'INF1T3'),
(204387, 'PIDELLO', 'PAOLO ANDREA', 'PRO1A1'),
(204345, 'GUARISO', 'ALESSANDRO', 'PRO1A1'),
(204318, 'VAN', 'THAI HAO MARCO', 'INF1T3'),
(204314, 'CUTAIA', 'CARMELO', 'INF1T3'),
(204281, 'GIRAUDO', 'ALESSANDRO', 'PRO1A1'),
(204279, 'MONTI', 'STEFANO', 'INF1T3'),
(204273, 'SISINNI', 'GIUSEPPE', 'INF1T3'),
(204265, 'ARTINO MARTINELLO', 'BERNARDINO SALVATORE', 'INF1T3'),
(204224, 'LAVAGNO', 'IRENE', 'PRO1N1'),
(204211, 'DE MATTEIS', 'SIMONE', 'INF1T3'),
(204210, 'PLACANICA', 'YLENIA', 'INF1T3'),
(204179, 'IANNINO', 'PAOLO', 'INF1T3'),
(204173, 'COTTONE', 'FILIPPO', 'INF1T3'),
(204147, 'CAROSELLA', 'ALESSIA', 'INF1T3'),
(204142, 'CASTELLUCCIO', 'CARLOTTA', 'INF1T3'),
(204120, 'SANTERAMO', 'ANDREA', 'INF1T3'),
(204119, 'ARZANI', 'MATTEO', 'INF1T3'),
(204043, 'FRANCOIS', 'JEANPIERRE', 'INF1T3'),
(204034, 'CRAVERO', 'BENEDETTA', 'PRO1N1'),
(204033, 'DRAISCI', 'CAROLA', 'INF1T3'),
(203989, 'MONCADA', 'MICHELANGELO', 'INF1T3'),
(203960, 'GAZZOLA', 'ROBERTO', 'INF1T3'),
(203950, 'VALVO', 'SIMONE', 'INF1T3'),
(203938, 'MARINO', 'DAVIDE', 'INF1T3'),
(203932, 'BISCEGLIA', 'ENZO MARIA', 'INF1T3'),
(203923, 'BASSO', 'MARGHERITA', 'PRO1B1'),
(203901, 'OLIVERI', 'ISABEAU', 'INF1T3'),
(203888, 'GIANNITTI', 'MARCO', 'INF1T3'),
(203849, 'LANZA', 'DAVIDE', 'INF1T3'),
(203828, 'DE BIASE', 'FRANCESCO', 'INF1T3'),
(203813, 'CERMELLI', 'FABIO', 'INF1T3'),
(203807, 'FAVALE', 'THOMAS', 'INF1T3'),
(203789, 'NUNNARI', 'ANTONIO', 'INF1T3'),
(203775, 'CERONE', 'ASSUNTA', 'INF1T3'),
(203753, 'GABELLONE', 'RICCARDO', 'INF1T3'),
(203710, 'MEDICI', 'RICCARDO', 'INF1T3'),
(203700, 'CABALLERO QUINONES', 'MAIRA ALEJANDRA', 'GESZT4'),
(203645, 'TRINELLI', 'MARCO', 'INF1T3'),
(203609, 'ATTANASIO', 'GIUSEPPE', 'INF1T3'),
(203586, 'GIANETTO', 'CRISTIAN', 'INF1T3'),
(203585, 'PATTI', 'ALESSANDRO', 'INF1T3'),
(203584, 'BELLA', 'ENRICA', 'INF1T3'),
(203571, 'POSELLA', 'SIMONE', 'INF1T3'),
(203519, 'NARDELLI', 'EUGENIO', 'INF1T3'),
(203500, 'MIGLIORINI', 'ANDREA', 'INF1T3'),
(203475, 'GRECUCCIO', 'JACOPO', 'INF1T3'),
(203463, 'AUDINO', 'ANDREA', 'PRO1A1'),
(203460, 'D''AMICO', 'CARMINE', 'INF1T3'),
(203404, 'POLIMENA', 'SIMONE', 'GESZT4'),
(203372, 'MAZZUCCO', 'LUCA', 'INF1T3'),
(203351, 'PASTORINO', 'ALESSANDRO', 'INF1T3'),
(203217, 'RORRO', 'MARTINA', 'PRO1A1'),
(203172, 'TATTI', 'ANTONIO', 'INF1T3'),
(203160, 'LI', 'ZEKAI', 'INF1T3'),
(203158, 'FLORE', 'ANGELA', 'GESZT4'),
(203139, 'BRAU', 'DAVIDE', 'INF1T3'),
(203101, 'AMETTA', 'CHRISTIAN', 'GESZT4'),
(203092, 'AIROLA', 'LUCA', 'PRO1A1');
INSERT INTO `studente` (`matricola`, `cognome`, `nome`, `CDS`) VALUES
(203085, 'AZZARITI', 'NICOLA', 'PRO1A1'),
(203034, 'CANCEDDA', 'LAURA', 'INF1T3'),
(203028, 'BONETTO', 'GIULIO', 'INF1T3'),
(202982, 'DATTIS', 'LORENA', 'GESZT4'),
(202981, 'FLORIDIA', 'DANIELE', 'GESZT4'),
(202939, 'BLENGINO', 'CATIA', 'INF1T3'),
(202936, 'CATALDI', 'GIULIO', 'INF1T3'),
(202926, 'PASSERI', 'DILETTA', 'GESZT4'),
(202923, 'PALMINI', 'VALERIA', 'GESZT4'),
(202919, 'BARUCCO', 'ANDREA', 'GESZT4'),
(202786, 'COTEVINO', 'DAVIDE', 'GESZT4'),
(202567, 'ROMANO', 'GIOVANNI', 'GESZT4'),
(202566, 'STEFANELLI', 'ALESSANDRO', 'GESZT4'),
(202459, 'GIGANTE', 'DANIELE AUGUSTO', 'GESZT4'),
(202449, 'CAPOCELLI', 'GIORGIO', 'GESZT4'),
(202428, 'IORIO', 'MARCO', 'INF1T3'),
(202263, 'CIPOLLETTA', 'ANTONIO', 'INF1T3'),
(202254, 'DEMICHELIS', 'LORENZO', 'INF1T3'),
(202113, 'ROBERTO', 'MARCO', 'GESZT4'),
(202108, 'STORGATO', 'MARTINA', 'PRO1N1'),
(202094, 'GUARINO', 'ENRICO', 'INF1T3'),
(201999, 'ZANON', 'FABRIZIO', 'ENUZT1'),
(201945, 'PRONE', 'SARA', 'INF1T3'),
(201927, 'MOTTOLA', 'EMANUELE', 'INF1T3'),
(201913, 'GIORDANO', 'MARIO', 'INF1T3'),
(201871, 'DESTINO', 'AMBRA', 'INF1T3'),
(201862, 'BARILA''', 'CARLO', 'PRO1A1'),
(201851, 'VIOTTO', 'VALERIO', 'GESZT4'),
(201834, 'CALZANEGRA', 'DANIEL', 'GESZT4'),
(201818, 'DI GRAZIA', 'LUCA', 'INF1T3'),
(201799, 'GAROFALO', 'GIUSEPPE', 'INF1T3'),
(201781, 'CETRO', 'LUCA', 'INF1T3'),
(201775, 'SCALZO', 'CLAUDIO', 'INF1T3'),
(201726, 'ROMANIELLO', 'ANGELO', 'INF1T3'),
(201724, 'DEGIOVANNI', 'ALEX', 'INF1T3'),
(201718, 'CAPRA', 'FEDERICO', 'INF1T3'),
(201701, 'MARCANTONI', 'FRANCESCO', 'INF1T3'),
(201643, 'D''IPPOLITO', 'STEFANO', 'INF1T3'),
(201639, 'MINA', 'MONICA', 'INF1T3'),
(201637, 'RAFFA', 'GIANLUCA', 'INF1T3'),
(201621, 'RE', 'GIORGIO', 'PRO1A1'),
(201619, 'MOSCA', 'GABRIELE', 'INF1T3'),
(201586, 'NISI', 'MATTEO', 'INF1T3'),
(201571, 'SCHIUMA', 'MARCO', 'INF1T3'),
(201567, 'BARBERIS', 'ALESSANDRO', 'PRO1A1'),
(201559, 'TUTOLO', 'GIANLUCA', 'INF1T3'),
(201532, 'SALVO', 'GABRIELE', 'INF1T3'),
(201513, 'MILAURO', 'GABRIELE', 'INF1T3'),
(201506, 'ROASCIO', 'GIANLUCA', 'INF1T3'),
(201476, 'TRIPALDI', 'MATTEO', 'INF1T3'),
(201473, 'BONTEMPO', 'GIANPAOLO', 'INF1T3'),
(201470, 'PANETTA', 'ENRICO', 'INF1T3'),
(201451, 'MORA', 'ANDREA', 'INF1T3'),
(201445, 'PEDONE', 'GIUSEPPE', 'INF1T3'),
(201432, 'SARTORI', 'FEDERICO', 'INF1T3'),
(201415, 'RICCI', 'ROBERTO', 'INF1T3'),
(201404, 'VARVARA', 'ANTONIO', 'INF1T3'),
(201401, 'DESANTIS', 'PAOLO', 'INF1T3'),
(201370, 'MANNA', 'DAVIDE LIBERATO', 'INF1T3'),
(201350, 'RODRIGUEZ', 'RICCARDO', 'INF1T3'),
(201337, 'TEMPESTA', 'SIMONE', 'PRO1A1'),
(201336, 'SACCHI', 'NICCOLO''', 'INF1T3'),
(201327, 'SERRATORE', 'ELISABETTA', 'PRO1B1'),
(201318, 'DE SIMONE', 'DANIELE', 'INF1T3'),
(201314, 'VIADANA', 'MARCO', 'INF1T3'),
(201312, 'CALOIARO', 'MARCO', 'INF1T3'),
(201292, 'LO RE', 'GIANMARCO', 'INF1T3'),
(201285, 'GIAMMUSSO', 'SARA', 'INF1T3'),
(201275, 'MONNA', 'GIOVANNI CLEMENTE', 'INF1T3'),
(201270, 'COSTANZA', 'ENRICO', 'INF1T3'),
(201268, 'LOMBARDO', 'LUCA', 'INF1T3'),
(201194, 'MIRANDA', 'STEFANO', 'INF1T3'),
(201179, 'SUNNA', 'FABIO', 'INF1T3'),
(201174, 'DI GIACOMO', 'GIANLUCA', 'INF1T3'),
(201157, 'MATINA', 'MICHELANGELO', 'INF1T3'),
(201149, 'POGONEA', 'COZMIN', 'INF1T3'),
(201129, 'SALVATO', 'ALESSANDRO', 'INF1T3'),
(201127, 'MANETTI', 'GIOVANNI', 'INF1T3'),
(201120, 'DI BARI', 'MARTINA', 'PRO1B1'),
(201110, 'MONACO', 'ALESSANDRO', 'INF1T3'),
(201095, 'NEPOTE BERNARDON', 'NICOLO''', 'PRO1A1'),
(201094, 'SUCCA', 'RICCARDO', 'INF1T3'),
(201088, 'RAVIGLIONE', 'FRANCESCO', 'INF1T3'),
(201083, 'CICCONE', 'GIOVANNI', 'INF1T3'),
(201063, 'TUTISCO', 'LUIGI', 'INF1T3'),
(201059, 'CASSANDRO', 'FABRIZIO', 'INF1T3'),
(201042, 'CAPOCASALE', 'VITTORIO', 'INF1T3'),
(201032, 'MALACRINO', 'STEFANO', 'INF1T3'),
(201029, 'MONTEANNI', 'ANTONIO', 'INF1T3'),
(201024, 'VENTRELLA', 'CARLO', 'INF1T3'),
(200987, 'VAIANA', 'FRANCESCO', 'INF1T3'),
(200965, 'PISTILLO', 'GIANNA', 'INF1T3'),
(200948, 'AMICO', 'SIMONE', 'INF1T3'),
(200945, 'MISURACA', 'ANDREA', 'INF1T3'),
(200943, 'PIRAS', 'MASSIMO', 'INF1T3'),
(200931, 'GENNA', 'VINCENZO', 'INF1T3'),
(200930, 'MORO', 'LORENZO', 'INF1T3'),
(200928, 'DECARO', 'DANIELE', 'INF1T3'),
(200919, 'CASABLANCA', 'FEDERICO', 'PRO1A1'),
(200906, 'PONZINA', 'FLAVIO', 'INF1T3'),
(200891, 'PETTI', 'ASSUNTA', 'INF1T3'),
(200884, 'CAVARERO', 'MARCO JOAO', 'PRO1N1'),
(200873, 'DAPRELA''', 'NICOLO''', 'INF1T3'),
(200869, 'MONTI', 'PAOLO', 'INF1T3'),
(200868, 'AGRESTA', 'DAVIDE', 'PRO1A1'),
(200864, 'BULLO', 'FRANCESCA', 'PRO1N1'),
(200861, 'MARAVIGLIA', 'KAREN LISSETTE', 'INF1T3'),
(200860, 'CORRADI', 'ENRICO', 'PRO1A1'),
(200851, 'CHIFARI', 'FRANCESCA MARGHERITA', 'PRO1A1'),
(200849, 'MAIO', 'DAVIDE', 'PRO1A1'),
(200843, 'FIANDRO', 'ANDREA', 'INF1T3'),
(200839, 'LAHDILI', 'ZUHIR', 'INF1T3'),
(200833, 'ROBBIANO', 'LUCA', 'INF1T3'),
(200827, 'PASSERINI', 'EDOARDO', 'PRO1A1'),
(200824, 'LISANTI', 'FRANCESCO', 'PRO1A1'),
(200808, 'MUS', 'FEDERICA', 'PRO1B1'),
(200626, 'BRENA', 'MASSIMILIANO', 'GESZT4'),
(200600, 'ARCELLONI', 'DANIO', 'GESZT4'),
(200576, 'TRAMONTANA', 'ELISA', 'GESZT4'),
(200539, 'BONAIUTO', 'STEFANO', 'GESZT4'),
(200516, 'ROSI', 'ANNALISA', 'GESZT4'),
(200469, 'CATALANO', 'ANGIOLETTA RITA', 'MECZT1'),
(200456, 'MORGILLO', 'DANIELA', 'GESZT4'),
(200442, 'CIPRESSI', 'VALENTINA', 'GESZT4'),
(200368, 'VULLO', 'ALBERTO', 'GESZT4'),
(200337, 'BALZO', 'FILIPPO', 'GESZT4'),
(200323, 'LOMBARDI', 'FRANCESCO', 'GESZT4'),
(199655, 'EGIZIO', 'LUISA', 'GESZT4'),
(199572, 'IACONO', 'ALTEA', 'MTMZT1'),
(199566, 'DE VINCENZO', 'ANTONIO', 'GESZT4'),
(199187, 'ZOCCOLAN', 'MARCO', 'MECZT1'),
(199037, 'ROSELLI', 'DAVIDE', 'GESZT4'),
(198997, 'FEMINA', 'VERA', 'GESZT4'),
(198996, 'BARAVALLE', 'DANIELE', 'GESZT4'),
(198643, 'LAISO', 'CHIARA MARIA', 'GESZT4'),
(198574, 'DI PUMPO', 'LEONARDO', 'GESZT4'),
(198566, 'PIROLLO', 'FRANCESCO', 'INF1T3'),
(198468, 'BORDUNALE', 'ELISA LAURA', 'GESZT4'),
(198459, 'PULIAFITO', 'GIUSEPPE', 'INF1T3'),
(198393, 'FORTUNATO', 'ANTONIO ROCCO', 'GESZT4'),
(198285, 'GIACOMINI', 'MASSIMO', 'GESZT4'),
(198121, 'WYLUPEK', 'KAROL', 'GESZT4'),
(198115, 'DE GASPERIS', 'DANILO', 'MECZT1'),
(198109, 'ROSSI', 'GIANMARCO', 'INF1T3'),
(197936, 'FICCADENTI', 'MARIA CRISTINA', 'INFZT3'),
(197695, 'CAMPRA', 'FRANCESCO', 'GESZT4'),
(197612, 'THIMJO', 'KRIST', 'INF1T3'),
(197514, 'ANTONYAN', 'SONYA', 'GESZT4'),
(197438, 'SCAGLIONE', 'TANIA', 'GESZT4'),
(197433, 'GUEMNANG', 'CHRISTELLE ELODIE', 'GESZT4'),
(197323, 'BUZZI', 'MATTEO', 'GESZT4'),
(197320, 'GONZALEZ GIRON', 'JUAN LUIS', 'INF1T3'),
(197256, 'CONSIGLIO', 'LUIGI', 'GESZT4'),
(197247, 'FIAMMAZZO', 'SIMONE', 'GESZT4'),
(197227, 'ROCCA', 'ORLANDO', 'GESZT4'),
(197225, 'NGWAKA EKANGO', 'CLAUDE NELSON', 'INF1T3'),
(197220, 'PICCINNI', 'TEODORO', 'GESZT4'),
(197177, 'SECCHI', 'ENRICO', 'INFZT3'),
(197176, 'ROLLO', 'CHIARA', 'GESZT4'),
(197005, 'BRIGIDA', 'GIANLUCA', 'GESZT4'),
(196993, 'NGONGANG TCHAMOU', 'LEONEL', 'INF1T3'),
(196922, 'NOBILE', 'ANTONIO', 'GESZT4'),
(196829, 'TIOGO KENFACK', 'DONALD', 'INF1T3'),
(196827, 'DASSI', 'RAOUL RODRIGUE', 'INF1T3'),
(196816, 'KAMENI MATIANI', 'AURELIE CLAIRE', 'INF1T3'),
(196736, 'FELE', 'FEDERICO', 'GESZT4'),
(196540, 'MANIGRASSO', 'FRANCESCO', 'INF1T3'),
(196452, 'LANCIANESE', 'ELENA', 'PRO1B1'),
(196169, 'MIGOTTO', 'CRISTIAN', 'INF1T3'),
(196107, 'LANZAFAME', 'SIMONE', 'INF1T3'),
(195701, 'CINIERI', 'SAVERIO', 'INF1T3'),
(195659, 'VASELLI', 'VITTORIO', 'INF1T3'),
(195620, 'VIGNA', 'MIRCO', 'INF1T3'),
(195612, 'MURABITO', 'IVAN', 'INF1T3'),
(195573, 'BORTOT', 'GIULIO', 'INF1T3'),
(195536, 'NOUCANDI', 'DARIO', 'INF1T3'),
(195408, 'PORCARI', 'PIETRO', 'INF1T3'),
(195156, 'GUELI', 'ALESSANDRO', 'INF1T3'),
(195101, 'VRINCEANU', 'COSMIN', 'INF1T3'),
(195091, 'CONTI', 'EMANUELE', 'INF1T3'),
(195021, 'CHIOLO', 'ALESSIO', 'INF1T3'),
(194639, 'MICCOLI', 'ALESSIA', 'INF1T3'),
(194550, 'MORZONE', 'MATTEO', 'PRO1B1'),
(194518, 'SELMOUNE', 'REDOUANE', 'INF1T3'),
(194490, 'GHIGO', 'ANDREA', 'INF1T3'),
(194415, 'FRESU', 'FEDERICO', 'INF1T3'),
(194391, 'BERTONE', 'MIRKO', 'INF1T3'),
(194335, 'DE NUCCIO', 'DANIELE', 'INF1T3'),
(194316, 'LITTARDI', 'STEFANO', 'INF1T3'),
(194295, 'GOMONOVA', 'LILIA IGOREVNA', 'INF1T3'),
(194287, 'SPANTI', 'DOMENICO', 'INF1T3'),
(194240, 'RAINISIO', 'LORENZO', 'INF1T3'),
(194186, 'CAU', 'SIMONE', 'INF1T3'),
(194157, 'OGGERO', 'SIMONE', 'INF1T3'),
(194104, 'SAPEI', 'MARCO', 'INF1T3'),
(194022, 'FORTELEONI', 'PAOLO', 'INF1T3'),
(194021, 'MALENA', 'DAVIDE', 'INF1T3'),
(193963, 'MONTICONE', 'DAVIDE', 'INF1T3'),
(193928, 'DAMBROSIO', 'NICOLA', 'INF1T3'),
(193891, 'BELLINAZZI', 'MAURO', 'INF1T3'),
(193860, 'NOVARESE', 'CARLO', 'PRO1A1'),
(193853, 'EL DAMATY', 'AIMAN', 'INF1T3'),
(193820, 'FORNERO', 'MATTEO', 'INF1T3'),
(193714, 'FERRO', 'DAVIDE', 'INF1T3'),
(193649, 'FLORIDIA', 'LUCA', 'INF1T3'),
(193558, 'CAFIERI', 'STEFANO', 'INF1T3'),
(193549, 'LAPENNA', 'FEDERICO COSIMO', 'INF1T3'),
(193523, 'NESTOLA', 'DAVIDE', 'INF1T3'),
(193426, 'PADOIN', 'FABIO', 'INF1T3'),
(193425, 'CANTO', 'GIUSEPPE', 'INF1T3'),
(193391, 'FRANZONI', 'STEFANO', 'INF1T3'),
(193384, 'GAVINELLI', 'FABIO', 'INF1T3'),
(193365, 'OTTOLINI', 'MATTEO', 'INF1T3'),
(193347, 'PEYRONEL', 'MATTEO', 'INF1T3'),
(193322, 'BASSO', 'MARCO', 'INF1T3'),
(193266, 'CORAGLIA', 'ANDREA', 'PRO1N1'),
(193265, 'ITALIANO', 'ROCCO', 'INF1T3'),
(193256, 'BONAFEDE', 'GIACOMO', 'INF1T3'),
(193231, 'SOTAN', 'DIANA CRISTINA', 'INF1T3'),
(193211, 'D''ANGELO', 'DANIELE', 'INF1T3'),
(193192, 'VITOLO', 'GIULIANO', 'INF1T3'),
(193113, 'MIRANDA', 'GABRIELE', 'INF1T3'),
(192977, 'TRENTI', 'DAVIDE', 'INF1T3'),
(192947, 'RAFFA', 'GIUSEPPE', 'INF1T3'),
(192815, 'MARAN', 'LOREDANA', 'INF1T3'),
(192811, 'DE GREGORIO', 'MANUELA', 'GESZT4'),
(192693, 'RUSU', 'DANIEL CATALIN', 'INF1T3'),
(191935, 'CERATO', 'JACOPO', 'INF1T3'),
(191886, 'DE LORENZIS', 'FEDERICO', 'INF1T3'),
(191878, 'GUIDA', 'GABRIELE', 'INF1T3'),
(191804, 'FASANO', 'EMANUELE', 'INF1T3'),
(191765, 'PEROGLIO', 'ROBERTA', 'INF1T3'),
(191737, 'DE LUCA', 'MARCO', 'INF1T3'),
(191730, 'CREPALDI', 'GIORGIO', 'INF1T3'),
(191700, 'ZAIA', 'PAOLO', 'INF1T3'),
(191566, 'BELTRAMI', 'VITTORIO', 'PRO1A1'),
(191522, 'CIAFFI', 'FEDERICO', 'INF1T3'),
(191493, 'WAN', 'ELISA', 'INF1T3'),
(191429, 'CANONE', 'FABRIZIO', 'INF1T3'),
(191416, 'ZOCCO', 'GIUSEPPE', 'INF1T3'),
(191390, 'LEONARDI', 'SIMONE', 'INF1T3'),
(191304, 'BUSSI', 'FABIO', 'INF1T3'),
(191141, 'PIANO', 'LUCA', 'INF1T3'),
(191133, 'BENINCASA', 'ALBERTO', 'INF1T3'),
(191122, 'GUALTIERI', 'SAMUELE', 'INF1T3'),
(191107, 'VISENTIN', 'DAVIDE', 'INF1T3'),
(191030, 'ROSSO', 'STEFANO', 'INF1T3'),
(190951, 'LAUDANI', 'DANIELE', 'INF1T3'),
(190857, 'DICEMBRE', 'ANDREA', 'GESZT4'),
(190628, 'DANIELE', 'FRANCESCO', 'GESZT4'),
(190581, 'CAPUTO', 'GIUSEPPE', 'MECZT1'),
(190551, 'SASSONE', 'PIETRO', 'GESZT4'),
(190527, 'PALAZZO', 'SALVATORE FRANCESCO', 'GESZT4'),
(190482, 'BENEDETTO', 'ANDREA', 'GESZT4'),
(190472, 'LOPERFIDO', 'ANDREA', 'GESZT4'),
(190303, 'PACELLA', 'ANTONIO', 'GESZT4'),
(189634, 'FREGNAN', 'GABRIELE', 'GESZT4'),
(188891, 'LA MONICA', 'ALESSIO', 'INF1T3'),
(188794, 'CAFIERO', 'GABRIELE', 'INF1T3'),
(188722, 'CHIARENZA', 'SEBASTIANO MARCO', 'GESZT4'),
(188535, 'POLIZZI', 'PIERO', 'GESZT4'),
(188470, 'GALLINA', 'RENATO', 'GESZT4'),
(188405, 'LANZILOTTI', 'GIUSEPPE ALESSANDRO', 'GESZT4'),
(188298, 'ZUCCO', 'MATTEO', 'GESZT4'),
(188077, 'RUSSO', 'LUCA', 'MECZT1'),
(188071, 'AMORELLI', 'MARIA', 'GESZT4'),
(188051, 'LAMBIASE', 'OTTONE', 'GESZT4'),
(187365, 'BASTRENTAZ', 'MATTEO', 'INF1T3'),
(186330, 'PIDRIA', 'GIANLUCA', 'GES1T4'),
(186239, 'SARCINELLA', 'FABIANO', 'INF1T3'),
(186077, 'D''ONGHIA', 'GIANVITO', 'INF1T3'),
(185496, 'ASEGLIO CASTAGNOT', 'LUCA', 'PRO1A1'),
(185489, 'JU', 'BOTONG', 'GESZT4'),
(185356, 'SHENG', 'QIAN', 'GESZT4'),
(185147, 'D''AMICO', 'DOMENICA ROSARIA', 'GES1T4'),
(185104, 'CAFARO', 'PASQUALE', 'INF1T3'),
(184965, 'VERGA', 'DIEGO', 'INF1T3'),
(184929, 'SANNIA', 'STEFANO', 'INF1T3'),
(184895, 'PACIELLO', 'GIOVANNI', 'INF1T3'),
(184194, 'MANGHISI', 'LORENZO', 'INF1T3'),
(184027, 'MANSI', 'GIORGIO PASQUALE ORESTE', 'PRO1A1'),
(184014, 'CAMICIOLA', 'LORENZO', 'INF1T3'),
(183866, 'LEVI', 'ERIK', 'INF1T3'),
(183783, 'APARO', 'ROY', 'PRO1A1'),
(183704, 'DEDOMINICI', 'CHRISTOPHER', 'INF1T3'),
(183521, 'CASATI', 'GIANMARCO', 'INF1T3'),
(183455, 'ROMAGNOLO', 'IVAN', 'INF1T3'),
(183282, 'D''AMORE', 'ANTONIO', 'INF1T3'),
(183202, 'GRECO', 'ENRICO', 'INF1T3'),
(183042, 'NGASSA', 'STEPHANE', 'INF1T3'),
(182815, 'PASSERINI', 'FABRIZIO FAUSTO', 'INF1T3'),
(182814, 'ALFANO', 'LUCA', 'INF1T3'),
(182618, 'GHELLER', 'EMANUELE', 'INF1T3'),
(182546, 'RIBATTI', 'ANTONIO', 'GES1T4'),
(182493, 'PINTO', 'MATTEO', 'INF1T3'),
(182455, 'FABRIZIO', 'MARCO', 'INF1T3'),
(182408, 'MUNARI', 'DAVIDE', 'INF1T3'),
(182282, 'CORTESE', 'ALBERTO', 'INF1T3'),
(182270, 'MESSINA', 'FRANCESCO PAOLO', 'INF1T3'),
(182237, 'GARIFO', 'GIOVANNI', 'INF1T3'),
(182122, 'MARTINI', 'FRANCESCA', 'INF1T3'),
(182061, 'LUCCO CASTELLO', 'ALESSANDRO', 'INF1T3'),
(181903, 'VERCELLI', 'DANIELE', 'INF1T3'),
(181853, 'CORAIOLA', 'BENEDETTA', 'PRO1B1'),
(181846, 'BRUNATTO', 'STEFANO', 'INF1T3'),
(181845, 'CARUANA', 'GIANNI', 'INF1T3'),
(181635, 'BUGLIARI', 'DOMENICO GIOVANNI', 'GESZT4'),
(181296, 'PINTUS', 'GIOVANNI', 'INF1T3'),
(181097, 'IMPROTA', 'FEDERICO', 'INF1T3'),
(181024, 'CREMA', 'FRANCESCO', 'INF1T3'),
(181012, 'LAZZARI', 'RICCARDO', 'INF1T3'),
(180753, 'BARBASSO', 'ANDREA', 'INF1T3'),
(180657, 'GIAMPAOLETTI', 'MICHAEL', 'INF1T3'),
(180617, 'PUDDU', 'ANGELO', 'INF1T3'),
(180471, 'MEREU', 'RICCARDO', 'INF1T3'),
(180330, 'GARDANO', 'STEFANO', 'INF1T3'),
(180056, 'BAIMA', 'ALDO ANDREA', 'GESZT4'),
(179685, 'TOURE''', 'ANDREA', 'MECZT1'),
(178401, 'KHAKSARI', 'SAJJAD', 'GESZT4'),
(177906, 'NOURANI', 'MOHAMED', 'GESZT4'),
(177824, 'VERONICO', 'SONIA ANNA', 'GESZT4'),
(176885, 'GARIGLIO', 'VALERIA', 'INF1T3'),
(176652, 'CUGUSI', 'ANDREA', 'INF1T3'),
(176566, 'STANGONI', 'CRISTINA MARIA VITTORIA', 'INF1T3'),
(176360, 'SALVETTI', 'FEDERICO', 'INF1T3'),
(176301, 'PASERO', 'STEFANO', 'INF1T3'),
(176105, 'JACOB', 'NOEMI GRAZIA', 'INF1T3'),
(176008, 'CERRATO', 'ALESSANDRO', 'INF1T3'),
(175505, 'MANNI', 'FRANCESCA', 'GES1T4'),
(175487, 'DE ANGELIS', 'NICCOLO'' ANDREA', 'INF1T3'),
(174739, 'CURIS', 'GIOVANNI', 'INF1T3'),
(174662, 'ANTONELLI', 'VALENTINA', 'ENE1T1'),
(174419, 'NARDELLI', 'ALESSANDRO NICOLA', 'INF1T3'),
(174403, 'RIPANE', 'AMEDEO', 'INF1T3'),
(174153, 'DEGIOANNI', 'LORENZO', 'INF1T3'),
(174071, 'BERTA', 'PIERPAOLO', 'INF1T3'),
(173545, 'AVITE', 'MARCO', 'INF1T3'),
(173496, 'BERARDO', 'ANDREA', 'INF1T3'),
(173284, 'BORRE', 'FRANCESCO', 'INF1T3'),
(173095, 'LASAGNO', 'RICCARDO', 'INF1T3'),
(172889, 'PORTA', 'LORENZO', 'INF1T3'),
(172762, 'PRINA', 'STEFANO', 'INF1T3'),
(172755, 'MELONI', 'GIUSEPPE', 'PRO1A1'),
(172617, 'PISARRI', 'MICHELE', 'INF1T3'),
(172546, 'RUSSO', 'FILIPPO', 'INF1T3'),
(172388, 'PALA', 'MARCO', 'INF1T3'),
(172312, 'RECCHIA', 'GIOVANNI', 'INF1T3'),
(172219, 'GUGLIELMI', 'NICOLA', 'INF1T3'),
(171997, 'BRUNO', 'FRANCESCO', 'INF1T3'),
(171632, 'BENINATO', 'ANDREA', 'INF1T3'),
(171514, 'OLOCCO', 'FABRIZIO', 'INF1T3'),
(170577, 'PELAZZA', 'ANDREA', 'GES2T4'),
(170521, 'MANZIONE', 'VINCENZO', 'GES2T4'),
(170479, 'TENNA', 'MATTEO', 'GES2T4'),
(170447, 'CARPI', 'FIORENZO', 'GESZT4'),
(168794, 'MATTOTEA', 'FABRIZIO', 'ENUZT1'),
(167832, 'BRUNETTI', 'MARCELLO', 'INF1T3'),
(165485, 'VITALE', 'GIUSEPPE', 'INF1T3'),
(164371, 'ROMANO', 'ALBERTO', 'INF1T3'),
(163671, 'EL BENNA', 'SAMIR', 'INF1T3'),
(162857, 'MEROLA', 'STEFANO', 'INF1T3'),
(162715, 'TANTARO', 'GIULIO', 'INF1T3'),
(162243, 'CANUTO', 'FABIO', 'INF1T3'),
(162206, 'REALE', 'UMBERTO', 'INF1T3'),
(161836, 'FERNANDO', 'THANTHULAGE PRIMESHIKA NIMANTH', 'INF1T3'),
(160740, 'ROSSETTI', 'DAVIDE', 'GES2T4'),
(160731, 'BONACCI', 'MATTEO', 'GES2T4'),
(159818, 'SANNA', 'ROBERTO', 'GESZT4'),
(159547, 'CASTIGLIONE', 'CARMELO', 'GES2T4'),
(159527, 'ROTA ZUMAGLINI', 'ISABELLA', 'GESZT4'),
(158824, 'ELIA', 'VITTORIO', 'GES2T4'),
(157096, 'GIL LENIS', 'DAVID', 'INF1T3'),
(155262, 'GELATO', 'SIMONE', 'GESZT4'),
(155066, 'D''ANGELO', 'MICHELE', 'INF1T3'),
(154448, 'TAMBURRETTO', 'ANDREA', 'INF1T3'),
(154168, 'MAIARU''', 'GIUSEPPE', 'INF1T3'),
(154122, 'LIGUORI', 'SAVINO PIO', 'INF1T3'),
(153261, 'FALLETI', 'VALENTINA', 'GESZT4'),
(151344, 'SCIORTINO', 'FRANCESCO', 'GESZT4'),
(150264, 'GRAZIANO', 'RODOLFO', 'INF1T3'),
(150110, 'VALENZANO', 'DANIELE', 'INF1T3'),
(149061, 'TAFUNI', 'ANGELO', 'INF1T3'),
(148194, 'ABBATE', 'GIUSEPPE', 'INF1T3'),
(147865, 'BOARETTO', 'ALESSANDRO', 'INF1T3'),
(144985, 'OPPEDISANO', 'JESSICA', 'GES2T4'),
(144745, 'SANTORO', 'SERGIO', 'GES2T4'),
(143601, 'ZIZZI', 'VITO FRANCESCO', 'INF1X3'),
(142782, 'RUGERI', 'ROSARIO', 'GES2T4'),
(142317, 'CASSINA', 'STEFANO', 'INF1T3'),
(141076, 'CERMELLI', 'NICOLA', 'INF1T3'),
(140625, 'MASSARO', 'ANDREA', 'INF1T3'),
(135848, 'MUGGIRI', 'ELEONORA', 'GES2T4'),
(135231, 'VIGLIOTTA', 'MARCO', 'INF1X3'),
(134806, 'POLITANO', 'MARCO', 'INF1T3'),
(127582, 'MASIA', 'MASSIMILIANO', 'INF1X3'),
(126634, 'RUSSO', 'VERONICA ERIKA', 'GES2T4'),
(120405, 'VILLANI', 'STEFANO', 'INF1X3'),
(99457, 'ODDERO', 'MARIA BEATRICE', 'GESLT4'),
(99236, 'FUMAGALLI', 'MARCO', 'GESLT4'),
(93258, 'MORO', 'ALESSANDRO', 'INFLT3'),
(92801, 'FAVERO FRA', 'FEDERICA ANNA MARIA', 'GESLT4'),
(89378, 'FLORIO', 'DAVIDE GIANLUIGI', 'GESLT4'),
(82751, 'CALABRESE', 'ANGELO MARIA', 'GESLT4')